1
1067
108
109
11
12
13
135
14
1435
1438
1458
1459
1471
15
1501
1559
1581
1583
1585
1587
1588
1593
16
1610
1615
164
1664
17
172
173
174
177
178
179
18
180
181
1815
182
184
1859
186
187
188
189
19
190
191
193
194
195
196
197
198
2
20
206
21
2124
2186
22
2202
2208
2209
2210
2211
2212
2220
2224
2239
2240
2242
2244
2247
2257
2288
23
2300
2301
2309
2320
234
2398
24
2400
2418
2425
2428
2470
2471
2489
2544
2559
2570
2573
2580
2587
2589
2591
2594
2599
26
2600
2601
2602
2603
2605
2606
2607
2609
2611
2617
2642
2657
27
274
275
2756
2760
2765
2787
28
2807
2820
2826
2832
2841
2846
2857
2864
2876
29
2902
2925
2935
2936
2954
2978
2994
3
30
3047
3061
3063
3066
3068
3076
3077
3111
3113
3117
3155
3189
3191
3197
32
3204
3210
3269
328
3296
33
3390
34
35
36
3626
3665
3685
3697
3699
3719
3721
3722
3726
38
3808
3813
39
4
410
43
44
45
46
47
48
49
5
50
522
53
54
55
56
57
571
58
582
59
6
60
6151
6153
6184
6193
6194
6199
63
6327
6329
6338
6339
6345
6346
6347
6351
6352
64
645
65
659
66
665
668
67
68
69
7
70
71
73
74
75
76
77
79
8
80
81
82
826
827
831
841
848
859
86
863
865
87
877
88
89
898
9
90
904
92
928
93
94
943
947
948
95
96
998
1
1067
108
109
11
12
13
135
14
1435
1438
1458
1459
1471
15
1501
1559
1581
1583
1585
1587
1588
1593
16
1610
1615
164
1664
17
172
173
174
177
178
179
18
180
181
1815
182
184
1859
186
187
188
189
19
190
191
193
194
195
196
197
198
2
20
206
21
2124
2186
22
2202
2208
2209
2210
2211
2212
2220
2224
2239
2240
2242
2244
2247
2257
2288
23
2300
2301
2309
2320
234
2398
24
2400
2418
2425
2428
2470
2471
2489
2544
2559
2570
2573
2580
2587
2589
2591
2594
2599
26
2600
2601
2602
2603
2605
2606
2607
2609
2611
2617
2642
2657
27
274
275
2756
2760
2765
2787
28
2807
2820
2826
2832
2841
2846
2857
2864
2876
29
2902
2925
2935
2936
2954
2978
2994
3
30
3047
3061
3063
3066
3068
3076
3077
3111
3113
3117
3155
3189
3191
3197
32
3204
3210
3269
328
3296
33
3390
34
35
36
3626
3665
3685
3697
3699
3719
3722
38
3808
3813
39
4
410
43
44
45
46
47
48
49
5
50
522
53
54
55
56
57
571
58
582
59
6
60
6151
6153
6184
6193
6194
6199
63
6327
6329
6338
6339
64
645
65
66
665
668
67
68
69
7
70
71
73
74
75
76
77
79
8
80
81
82
826
827
831
841
848
859
86
863
8644
865
8651
8653
8654
8655
8656
8657
87
877
88
89
898
9
90
904
92
928
93
94
943
947
948
95
96
998
1
1067
108
109
11
12
13
135
14
1435
1438
1458
1459
1471
15
1501
1559
1581
1583
1585
1587
1588
1593
16
1610
1615
164
1664
17
172
173
174
177
178
179
18
180
181
1815
182
184
1859
186
187
188
189
19
190
191
193
194
195
196
197
198
2
20
206
21
2124
2186
22
2202
2208
2209
2210
2211
2212
2220
2224
2239
2240
2242
2244
2247
2257
2288
23
2300
2301
2309
2320
234
2398
24
2400
2418
2425
2428
2470
2471
2489
2544
2559
2570
2573
2580
2587
2589
2591
2594
2599
26
2600
2601
2602
2603
2605
2606
2607
2609
2611
2617
2642
2657
27
274
275
2756
2760
2765
2787
28
2807
2820
2826
2832
2841
2846
2857
2864
2876
29
2902
2925
2935
2936
2954
2978
2994
3
30
3047
3061
3063
3066
3068
3076
3077
3111
3113
3117
3155
3189
3191
3197
32
3204
3210
3269
328
3296
33
3390
34
35
36
3665
3697
3699
3719
3722
38
3808
39
4
410
43
44
45
46
47
48
49
5
50
522
53
54
55
56
57
571
58
582
59
6
60
6153
6184
6193
6194
6199
63
6327
6329
6338
6339
64
645
65
66
665
668
67
68
69
7
70
73
74
75
76
77
79
8
80
81
82
826
827
831
841
848
859
86
863
8644
865
8651
8685
8686
8687
8688
8689
87
877
88
89
898
9
90
904
92
928
93
94
943
947
948
95
96
998
1
1067
108
109
11
12
13
135
14
1435
1438
1458
1459
1471
15
1501
1559
1581
1583
1585
1587
1588
1593
16
1610
1615
164
1664
17
172
173
174
177
178
179
18
180
181
1815
182
184
1859
186
187
188
189
19
190
191
193
194
195
196
197
198
2
20
206
21
2124
2186
22
2202
2208
2209
2210
2211
2212
2220
2224
2239
2240
2242
2244
2247
2257
2288
23
2300
2301
2309
2320
234
2398
24
2400
2418
2425
2428
2470
2471
2489
2544
2559
2570
2573
2580
2587
2589
2591
2594
2599
26
2600
2601
2602
2603
2605
2606
2607
2609
2611
2617
2642
2657
27
274
275
2756
2760
2765
2787
28
2807
2820
2826
2832
2841
2846
2857
2864
2876
29
2902
2925
2935
2936
2954
2978
2994
3
30
3047
3061
3063
3066
3068
3076
3077
3111
3113
3117
3155
3189
3191
3197
32
3204
3210
3269
328
3296
33
3390
34
35
36
3697
3699
3719
3722
38
3808
39
4
410
43
44
45
46
47
48
49
5
50
522
53
54
55
56
57
571
58
582
59
6
60
6153
6184
6193
6194
6199
63
6327
6329
6338
6339
64
645
65
66
665
668
67
68
69
7
70
73
74
75
76
77
79
8
80
81
82
826
827
831
841
848
859
86
863
8644
865
8651
8692
87
8711
8717
8718
8719
8720
8721
8722
877
88
89
898
90
904
92
928
93
94
943
947
948
95
96
998
1
1067
108
109
11
12
13
135
14
1435
1438
1458
1459
1471
15
1501
1559
1581
1583
1585
1587
1588
1593
16
1610
1615
164
1664
17
172
173
174
177
178
179
18
180
181
1815
182
184
1859
186
187
188
189
19
190
191
193
194
195
196
197
198
2
20
206
21
2124
2186
22
2202
2208
2209
2210
2211
2212
2220
2224
2239
2240
2242
2244
2247
2257
2288
23
2300
2301
2309
2320
234
2398
24
2400
2418
2425
2428
2470
2471
2489
2544
2559
2570
2573
2580
2587
2589
2591
2594
2599
26
2600
2601
2602
2603
2605
2606
2607
2609
2611
2617
2642
2657
27
274
275
2756
2760
2765
2787
28
2807
2820
2826
2832
2841
2846
2857
2864
2876
29
2902
2925
2935
2936
2954
2978
2994
3
30
3047
3061
3063
3066
3068
3076
3077
3111
3113
3117
3155
3189
3191
3197
32
3204
3210
3269
328
3296
33
3390
34
35
36
3697
3699
3719
3722
38
3808
39
4
410
43
44
45
46
47
48
49
5
50
522
53
54
55
56
57
571
58
582
59
6
60
6153
6184
6193
6194
6199
63
6327
6329
6338
6339
64
645
65
66
665
668
67
68
69
7
70
73
74
75
76
77
79
8
80
81
82
826
827
831
841
848
859
86
863
8644
865
8651
8692
87
8711
8717
8726
8728
8729
8733
877
88
8806
8858
8891
8894
89
8911
8920
8962
898
90
9000
904
92
928
93
94
943
9457
9463
947
9470
948
95
96
9659
9695
9696
9697
9698
9699
998
1
10071
10073
10074
10075
10076
10077
1067
108
109
11
12
13
135
14
1435
1438
1458
1459
1471
15
1501
1559
1581
1583
1585
1587
1588
1593
16
1610
1615
164
1664
17
172
173
174
177
178
179
18
180
181
1815
182
184
1859
186
187
188
189
19
190
191
193
194
195
196
197
198
2
20
206
21
2124
22
2202
2208
2209
2210
2211
2212
2220
2224
2239
2240
2242
2244
2247
2257
2288
23
2300
2301
2309
2320
234
2398
24
2400
2418
2425
2428
2470
2471
2489
2544
2559
2570
2573
2580
2587
2589
2591
2594
2599
26
2600
2601
2602
2603
2605
2606
2607
2609
2611
2617
2642
2657
27
274
275
2756
2760
2765
2787
28
2807
2820
2826
2832
2841
2846
2857
2864
2876
29
2902
2925
2935
2936
2954
2978
2994
3
30
3047
3061
3063
3066
3068
3076
3077
3111
3113
3117
3155
3189
3191
3197
32
3204
3210
3269
328
3296
33
3390
34
35
36
3697
38
4
410
43
44
45
46
47
48
49
5
50
522
53
54
55
56
57
571
58
582
59
6
60
6153
6193
63
6329
64
645
65
66
665
668
67
68
69
7
70
73
74
75
76
77
79
8
80
81
82
826
827
831
841
848
859
86
863
8644
865
8692
87
8711
8717
8726
8729
877
88
89
898
90
9000
904
92
928
93
94
943
947
948
96
9758
9789
9818
9823
9835
9842
9949
9959
9963
998
9984
9991
1
10071
10087
10088
10089
10090
10091
1067
108
109
11
12
13
135
14
1435
1438
1458
1459
1471
15
1501
1559
1581
1583
1585
1587
1588
1593
16
1610
1615
164
1664
17
172
173
174
177
178
179
18
180
181
1815
182
184
1859
186
187
188
189
19
190
191
193
194
195
196
197
198
2
20
206
21
2124
22
2202
2208
2209
2210
2211
2212
2220
2224
2239
2240
2242
2244
2247
2257
2288
23
2300
2301
2309
2320
234
2398
24
2400
2418
2425
2428
2470
2471
2489
2544
2559
2570
2573
2580
2587
2589
2591
2594
2599
26
2600
2601
2602
2603
2605
2606
2607
2609
2611
2617
2642
2657
27
274
275
2756
2760
2765
2787
28
2807
2820
2826
2832
2841
2846
2857
2864
2876
29
2902
2925
2935
2936
2954
2978
2994
3
30
3047
3061
3063
3066
3068
3076
3077
3111
3113
3117
3155
3189
3191
3197
32
3204
3210
3269
328
3296
33
3390
34
35
36
3697
38
4
410
43
44
45
46
47
48
49
5
50
522
53
54
55
56
57
571
58
582
59
6
60
6153
63
6329
64
645
65
66
665
668
67
68
69
7
70
73
74
75
76
77
79
8
80
81
82
826
827
831
841
848
859
86
863
8644
865
8692
87
8711
8717
8726
8729
877
88
89
898
90
9000
904
92
928
93
94
943
947
948
96
9758
9789
9818
9823
9835
9842
9949
9959
9963
998
9984
9991
1
10071
10098
10101
10102
10103
10104
10105
1067
108
109
11
12
13
135
14
1435
1438
1458
1459
1471
15
1501
1559
1581
1583
1585
1587
1588
1593
16
1610
1615
164
1664
17
172
173
174
177
178
179
18
180
181
1815
182
184
1859
186
187
188
189
19
190
191
193
194
195
196
197
198
2
20
206
21
2124
22
2202
2208
2209
2210
2211
2212
2220
2224
2239
2240
2242
2244
2247
2257
2288
23
2300
2301
2309
2320
234
2398
24
2400
2418
2425
2428
2470
2471
2489
2544
2559
2570
2573
2580
2587
2589
2591
2594
2599
26
2600
2601
2602
2603
2605
2606
2607
2609
2611
2617
2642
2657
27
274
275
2756
2760
2765
2787
28
2807
2820
2826
2832
2841
2846
2857
2864
2876
29
2902
2925
2935
2936
2954
2978
2994
3
30
3047
3061
3063
3066
3068
3076
3077
3111
3113
3117
3155
3189
3191
3197
32
3204
3210
3269
328
3296
33
3390
34
35
36
3697
38
4
410
43
44
45
46
47
48
49
5
50
522
53
54
55
56
57
571
58
582
59
6
60
6153
63
6329
64
645
65
66
665
668
67
68
69
7
70
73
74
75
76
77
79
8
80
81
82
826
827
831
841
848
859
86
863
8644
865
8692
87
8711
8717
8726
8729
877
88
89
898
90
9000
904
92
928
93
94
943
947
948
96
9758
9789
9818
9823
9835
9842
9949
9959
9963
998
9984
9991
1
10071
10098
10108
10111
10112
10113
10114
10115
1067
108
109
11
12
13
135
14
1435
1438
1458
1459
1471
15
1501
1559
1581
1583
1585
1587
1588
1593
16
1610
1615
164
1664
17
172
173
174
177
178
179
18
180
181
1815
182
184
1859
186
187
188
189
19
190
191
193
194
195
196
197
198
2
20
206
21
2124
22
2202
2208
2209
2210
2211
2212
2220
2224
2239
2240
2242
2244
2247
2257
2288
23
2300
2301
2309
2320
234
2398
24
2400
2418
2425
2428
2470
2471
2489
2544
2559
2570
2573
2580
2587
2589
2591
2594
2599
26
2600
2601
2602
2603
2605
2606
2607
2609
2611
2617
2642
2657
27
274
275
2756
2760
2765
2787
28
2807
2820
2826
2832
2841
2846
2857
2864
2876
29
2902
2925
2935
2936
2954
2978
2994
3
30
3047
3061
3063
3066
3068
3076
3077
3111
3113
3117
3155
3189
3191
3197
32
3204
3210
3269
328
3296
33
3390
34
35
36
3697
38
4
410
43
44
45
46
47
48
49
5
50
522
53
54
55
56
57
571
58
582
59
6
60
6153
63
6329
64
645
65
66
665
668
67
68
69
7
70
73
74
75
76
77
79
8
80
81
82
826
827
831
841
848
859
86
863
8644
865
8692
87
8711
8717
8726
8729
877
88
89
898
90
9000
904
92
928
93
94
943
947
948
96
9758
9789
9818
9823
9835
9842
9949
9959
9963
998
9984
9991
1
10071
10098
10108
10129
10134
10135
10137
10138
10139
10140
10141
1067
108
109
11
12
13
135
14
1435
1438
1458
1459
1471
15
1501
1559
1581
1583
1585
1587
1588
1593
16
1610
1615
164
1664
17
172
173
174
177
178
179
18
180
181
1815
182
184
1859
186
187
188
189
19
190
191
193
194
195
196
197
198
2
20
206
21
2124
22
2202
2208
2209
2210
2211
2212
2220
2224
2239
2240
2242
2244
2247
2257
2288
23
2300
2301
2309
2320
234
2398
24
2400
2418
2425
2428
2470
2471
2489
2544
2559
2570
2573
2580
2587
2589
2591
2594
2599
26
2600
2601
2602
2603
2605
2606
2607
2609
2611
2617
2642
2657
27
274
275
2756
2760
2765
2787
28
2807
2820
2826
2832
2841
2846
2857
2864
2876
29
2902
2925
2935
2936
2954
2978
2994
3
30
3047
3061
3063
3066
3068
3076
3077
3111
3113
3117
3155
3189
3191
3197
32
3204
3210
3269
328
3296
33
3390
34
35
36
3697
38
4
410
43
44
45
46
47
48
49
5
50
522
53
54
55
56
57
571
58
582
59
6
60
6153
63
6329
64
645
65
66
665
668
67
68
69
7
70
73
74
75
76
77
79
8
80
81
82
826
827
831
841
848
859
86
863
8644
865
8692
87
8711
8717
8726
8729
877
88
89
898
90
9000
904
92
928
93
94
943
947
948
96
9758
9789
9818
9823
9835
9842
9949
9959
9963
998
9984
9991
1
10071
10098
10108
10129
10134
10135
10146
10147
10148
10149
10150
1067
108
109
11
12
13
135
14
1435
1438
1458
1459
1471
15
1501
1559
1581
1583
1585
1587
1588
1593
16
1610
1615
164
1664
17
172
173
174
177
178
179
18
180
181
1815
182
184
1859
186
187
188
189
19
190
191
193
194
195
196
197
198
2
20
206
21
2124
22
2202
2208
2209
2210
2211
2212
2220
2224
2239
2240
2242
2244
2247
2257
2288
23
2300
2301
2309
2320
234
2398
24
2400
2418
2425
2428
2470
2471
2489
2544
2559
2570
2573
2580
2587
2589
2591
2594
2599
26
2600
2601
2602
2603
2605
2606
2607
2609
2611
2617
2642
2657
27
274
275
2756
2760
2765
2787
28
2807
2820
2826
2832
2841
2846
2857
2864
2876
29
2902
2925
2935
2936
2954
2978
2994
3
30
3047
3061
3063
3066
3068
3076
3077
3111
3113
3117
3155
3189
3191
3197
32
3204
3210
3269
328
3296
33
3390
34
35
36
3697
38
4
410
43
44
45
46
47
48
49
5
50
522
53
54
55
56
57
571
58
582
59
6
60
6153
63
6329
64
645
65
66
665
668
67
68
69
7
70
73
74
75
76
77
79
8
80
81
82
826
827
831
841
848
859
86
863
8644
865
8692
87
8711
8717
8726
8729
877
88
89
898
90
9000
904
92
928
93
94
943
947
948
96
9758
9789
9818
9823
9835
9842
9949
9959
9963
998
9984
9991
1
10071
10098
10108
10129
10134
10135
10154
10219
10280
10308
10311
10324
10333
10375
1067
108
10867
10875
109
11
11038
11049
11116
11117
11118
11119
11120
12
13
135
14
1435
1438
1458
1459
1471
15
1501
1559
1581
1583
1585
1587
1588
1593
16
1610
1615
164
1664
17
172
173
174
177
178
179
18
180
181
1815
182
184
1859
186
187
188
189
19
190
191
193
194
195
196
197
198
2
20
206
21
2124
22
2202
2208
2209
2210
2211
2212
2220
2224
2239
2240
2242
2244
2247
2257
2288
23
2300
2301
2309
2320
234
2398
24
2400
2418
2425
2428
2470
2471
2489
2544
2559
2570
2573
2580
2587
2589
2591
2594
2599
26
2600
2601
2602
2603
2605
2606
2607
2609
2611
2617
2642
2657
27
274
275
2756
2760
2765
2787
28
2807
2820
2826
2832
2841
2846
2857
2864
2876
29
2902
2925
2935
2936
2954
2978
2994
3
30
3047
3061
3063
3066
3068
3076
3077
3111
3113
3117
3155
3189
3191
3197
32
3204
3210
3269
328
3296
33
3390
34
35
36
3697
38
4
410
43
44
45
46
47
48
49
5
50
522
53
54
55
56
57
571
58
582
59
6
60
6153
63
6329
64
645
65
66
665
668
67
68
69
7
70
73
74
75
76
77
79
8
80
81
82
826
827
831
841
848
859
86
863
8644
865
8692
87
8711
8717
8726
8729
877
88
89
898
90
9000
904
92
928
93
94
943
947
948
96
9758
9789
9818
9823
9835
9842
9949
9959
9963
998
9984
9991
1
10071
10098
10108
10129
10134
10135
10154
10219
10308
10311
10324
10333
10375
1067
108
10867
10875
109
11
11038
11049
11127
11128
11129
11130
11131
11132
12
13
135
14
1435
1438
1458
1459
1471
15
1501
1559
1581
1583
1585
1587
1588
1593
16
1610
1615
164
1664
17
172
173
174
177
178
179
18
180
181
1815
182
184
1859
186
187
188
189
19
190
191
193
194
195
196
197
198
2
20
206
21
2124
22
2202
2208
2209
2210
2211
2212
2220
2224
2239
2240
2242
2244
2247
2257
2288
23
2300
2301
2309
2320
234
2398
24
2400
2418
2425
2428
2470
2471
2489
2544
2559
2570
2573
2580
2587
2589
2591
2594
2599
26
2600
2601
2602
2603
2605
2606
2607
2609
2611
2617
2642
2657
27
274
275
2756
2760
2765
2787
28
2807
2820
2826
2832
2841
2846
2857
2864
2876
29
2902
2925
2935
2936
2954
2978
2994
3
30
3047
3061
3063
3066
3068
3076
3077
3111
3113
3117
3155
3189
3191
3197
32
3204
3210
3269
328
3296
33
3390
34
35
36
3697
38
4
410
43
44
45
46
47
48
49
5
50
522
53
54
55
56
57
571
58
582
59
6
60
6153
63
6329
64
645
65
66
665
668
67
68
69
7
70
73
74
75
76
77
79
8
80
81
82
826
827
831
841
848
859
86
863
8644
865
8692
87
8711
8717
8726
8729
877
88
89
898
90
9000
904
92
928
93
94
943
947
948
96
9758
9789
9818
9823
9835
9842
9949
9959
9963
998
9984
9991
1
10071
10098
10108
10129
10134
10135
1067
108
109
11
11127
11138
11185
11203
11239
11242
11248
11255
11262
11276
11277
11278
11279
11280
12
13
135
14
1435
1438
1458
1459
1471
15
1501
1559
1581
1583
1585
1587
1588
1593
16
1610
1615
1664
17
172
173
174
177
178
179
18
180
181
1815
182
184
1859
186
187
188
189
19
190
191
193
194
195
196
197
198
2
20
206
21
2124
22
2202
2208
2209
2210
2211
2212
2220
2224
2239
2240
2242
2244
2247
2257
2288
23
2300
2301
2309
2320
234
2398
24
2400
2418
2425
2428
2470
2471
2489
2544
2559
2570
2573
2580
2587
2589
2591
2594
2599
26
2600
2601
2602
2603
2605
2606
2607
2609
2611
2617
2642
2657
27
274
275
2756
2760
2765
2787
28
2807
2820
2826
2832
2841
2846
2857
2864
2876
29
2902
2925
2935
2936
2954
2978
2994
3
30
3047
3061
3063
3066
3068
3076
3077
3111
3113
3117
3155
32
3210
3269
328
33
3390
34
35
36
3697
38
4
410
43
44
45
46
47
48
49
5
50
522
53
54
55
56
57
571
58
582
59
6
60
6153
63
6329
64
645
65
66
665
668
67
68
69
7
70
73
74
75
76
77
79
8
80
81
82
826
827
831
841
848
859
86
863
8644
865
8692
87
8711
8717
8726
8729
877
88
89
898
90
9000
904
92
928
93
94
943
947
948
96
9758
9789
9818
9823
9835
9842
9949
9959
9963
998
9984
9991
1
10071
10098
10108
10129
10134
10135
1067
108
109
11
11127
11138
11185
11203
11239
11242
11248
11255
11262
11293
11294
11295
11296
11297
12
13
135
14
1435
1438
1458
1459
1471
15
1501
1559
1581
1583
1585
1587
1588
1593
16
1610
1615
1664
17
172
173
174
177
178
179
18
180
181
1815
182
184
1859
186
187
188
189
19
190
191
193
194
195
196
197
198
2
20
206
21
2124
22
2202
2208
2209
2210
2211
2212
2220
2224
2239
2240
2242
2244
2247
2257
2288
23
2300
2301
2309
2320
234
2398
24
2400
2418
2425
2428
2470
2471
2489
2544
2559
2570
2573
2580
2587
2589
2591
2594
2599
26
2600
2601
2602
2603
2605
2606
2607
2609
2611
2617
2642
2657
27
274
275
2756
2760
2765
2787
28
2807
2820
2826
2832
2841
2846
2857
2864
2876
29
2902
2925
2935
2936
2954
2978
2994
3
30
3047
3061
3063
3066
3068
3076
3077
3111
3113
3117
3155
32
3210
3269
328
33
3390
34
35
36
3697
38
4
410
43
44
45
46
47
48
49
5
50
522
53
54
55
56
57
571
58
582
59
6
60
6153
63
6329
64
645
65
66
665
668
67
68
69
7
70
73
74
75
76
77
79
8
80
81
82
826
827
831
841
848
859
86
863
8644
865
8692
87
8711
8717
8726
8729
877
88
89
898
90
9000
904
92
928
93
94
943
947
948
96
9758
9789
9818
9823
9835
9842
9949
9959
9963
998
9984
9991
1
10071
10098
10108
10129
10134
10135
1067
108
109
11
11127
11138
11185
11203
11239
11242
11248
11255
11262
11302
11303
11304
11305
11306
12
13
135
14
1435
1438
1458
1459
1471
15
1501
1559
1581
1583
1585
1587
1588
1593
16
1610
1615
1664
17
172
173
174
177
178
179
18
180
181
1815
182
184
1859
186
187
188
189
19
190
191
193
194
195
196
197
198
2
20
206
21
2124
22
2202
2208
2209
2210
2211
2212
2220
2224
2239
2240
2242
2244
2247
2257
2288
23
2300
2301
2309
2320
234
2398
24
2400
2418
2425
2428
2470
2471
2489
2544
2559
2570
2573
2580
2587
2589
2591
2594
2599
26
2600
2601
2602
2603
2605
2606
2607
2609
2611
2617
2642
2657
27
274
275
2756
2760
2765
2787
28
2807
2820
2826
2832
2841
2846
2857
2864
2876
29
2902
2925
2935
2936
2954
2978
2994
3
30
3047
3061
3063
3066
3068
3076
3077
3111
3113
3117
3155
32
3210
3269
328
33
3390
34
35
36
3697
38
4
410
43
44
45
46
47
48
49
5
50
522
53
54
55
56
57
571
58
582
59
6
60
6153
63
6329
64
645
65
66
665
668
67
68
69
7
70
73
74
75
76
77
79
8
80
81
82
826
827
831
841
848
859
86
863
8644
865
8692
87
8711
8717
8726
8729
877
88
89
898
90
9000
904
92
928
93
94
943
947
948
96
9758
9789
9818
9823
9835
9842
9949
9959
9963
998
9984
9991
1
10071
10098
10108
10129
10134
10135
1067
108
109
11
11127
11138
11185
11203
11239
11242
11248
11255
11262
11312
11376
11462
11465
11481
11490
11531
12
12026
12033
12196
12218
12307
12308
12311
12312
12313
13
135
14
1435
1438
1458
1459
1471
15
1501
1559
1581
1583
1585
1587
1588
1593
16
1610
1615
1664
17
172
173
174
177
178
179
18
180
181
1815
182
184
1859
186
187
188
189
19
190
191
193
194
195
196
197
198
2
20
21
2124
22
2202
2208
2209
2210
2211
2212
2220
2224
2239
2240
2242
2244
2247
2257
2288
23
2300
2301
2309
2320
234
2398
24
2400
2418
2425
2428
2470
2471
2489
2544
2559
2570
2573
2580
2587
2589
2591
2594
2599
26
2600
2601
2602
2603
2605
2606
2607
2609
2611
2617
2642
2657
27
274
275
2756
2760
2765
2787
28
2807
2820
2826
2832
2841
2846
2857
2864
2876
29
2902
2925
2935
2936
2954
2978
2994
3
30
3047
3061
3063
3066
3068
3076
3077
3111
3113
3117
3155
32
3210
3269
328
33
3390
34
35
36
3697
38
4
410
43
44
45
46
47
48
49
5
50
522
53
54
55
56
57
571
58
582
59
6
60
6153
63
6329
64
645
65
66
665
668
67
68
69
7
70
73
74
75
76
77
79
8
80
81
82
826
827
831
841
848
859
86
863
8644
865
8692
87
8711
8717
8726
8729
877
88
89
898
90
9000
904
92
928
93
94
943
947
948
96
9758
9789
9818
9823
9835
9842
9949
9959
9963
998
9984
9991
1
10071
10098
10108
10129
10134
10135
1067
108
109
11
11127
11138
11185
11203
11239
11242
11248
11255
11262
11312
11376
11462
11465
11481
11490
11531
12
12026
12033
12196
12218
12332
12336
12337
12338
12339
12340
13
135
14
1435
1438
1458
1459
1471
15
1501
1559
1581
1583
1585
1587
1588
1593
16
1610
1615
1664
17
172
173
174
177
178
179
18
180
181
1815
182
184
1859
186
187
188
189
19
190
191
193
194
195
196
197
198
2
20
21
2124
22
2202
2208
2209
2210
2211
2212
2220
2224
2239
2240
2242
2244
2247
2257
2288
23
2300
2301
2309
2320
234
2398
24
2400
2418
2425
2428
2470
2471
2489
2544
2559
2570
2573
2580
2587
2589
2591
2594
2599
26
2600
2601
2602
2603
2605
2606
2607
2609
2611
2617
2642
2657
27
274
275
2756
2760
2765
2787
28
2807
2820
2826
2832
2841
2846
2857
2864
2876
29
2902
2925
2935
2936
2954
2978
2994
3
30
3047
3061
3063
3066
3068
3076
3077
3111
3113
3117
3155
32
3210
3269
328
33
3390
34
35
36
3697
38
4
410
43
44
45
46
47
48
49
5
50
522
53
54
55
56
57
571
58
582
59
6
60
6153
63
6329
64
645
65
66
665
668
67
68
69
7
70
73
74
75
77
79
8
80
81
82
826
827
831
841
848
859
86
863
8644
865
8692
87
8711
8717
8729
877
88
89
898
90
9000
904
92
928
93
94
943
947
948
96
9758
9789
9823
9835
9842
9949
9959
9963
998
9984
9991
1
10071
10098
10108
10129
10134
10135
1067
108
109
11
11127
11138
11185
11203
11239
11242
11248
11255
11262
11312
11376
11462
11465
11481
11490
11531
12
12026
12033
12196
12218
12332
12348
12353
12354
12355
12356
12357
13
135
14
1435
1438
1458
1459
1471
15
1501
1559
1581
1583
1585
1587
1588
1593
16
1610
1615
1664
17
172
173
174
177
178
179
18
180
181
1815
182
184
1859
186
187
188
189
19
190
191
193
194
195
196
197
198
2
20
21
2124
22
2202
2208
2209
2210
2211
2212
2220
2224
2239
2240
2242
2244
2247
2257
2288
23
2300
2301
2309
2320
234
2398
24
2400
2418
2425
2428
2470
2471
2489
2544
2559
2570
2573
2580
2587
2589
2591
2594
2599
26
2600
2601
2602
2603
2605
2606
2607
2609
2611
2617
2642
2657
27
274
275
2756
2760
2765
2787
28
2807
2820
2826
2832
2841
2846
2857
2864
2876
29
2902
2925
2935
2936
2954
2978
2994
3
30
3047
3061
3063
3066
3068
3076
3077
3111
3113
3117
3155
32
3210
3269
328
33
3390
34
35
36
3697
38
4
410
43
44
45
46
47
48
49
5
50
522
53
54
55
56
57
571
58
582
59
6
60
6153
63
6329
64
645
65
66
665
668
67
68
69
7
70
73
74
75
77
79
8
80
81
82
826
827
831
841
848
859
86
863
8644
865
8692
87
8711
8717
8729
877
88
89
898
90
9000
904
92
928
93
94
943
947
948
96
9758
9789
9823
9835
9842
9949
9959
9963
998
9984
9991
1
10071
10098
10108
10129
10134
10135
1067
108
109
11
11127
11138
11185
11203
11239
11242
11248
11255
11262
11312
11376
11462
11465
11481
11490
11531
12
12026
12033
12196
12218
12332
12348
12363
12369
12370
12371
12372
12373
13
135
14
1435
1438
1458
1459
1471
15
1501
1559
1581
1583
1585
1587
1588
1593
16
1610
1615
1664
17
172
173
174
177
178
179
18
180
181
1815
182
184
1859
186
187
188
189
19
190
191
193
194
195
196
197
198
2
20
21
2124
22
2202
2208
2209
2210
2211
2212
2220
2224
2239
2240
2242
2244
2247
2257
2288
23
2300
2301
2309
2320
234
2398
24
2400
2418
2425
2428
2470
2471
2489
2544
2559
2570
2573
2580
2587
2589
2591
2594
2599
26
2600
2601
2602
2603
2605
2606
2607
2609
2611
2617
2642
2657
27
274
275
2756
2760
2765
2787
28
2807
2820
2826
2832
2841
2846
2857
2864
2876
29
2902
2925
2935
2936
2954
2978
2994
3
30
3047
3061
3063
3066
3068
3076
3077
3111
3113
3117
3155
32
3210
3269
328
33
3390
34
35
36
3697
38
4
410
43
44
45
46
47
48
49
5
50
522
53
54
55
56
57
571
58
582
59
6
60
63
6329
64
645
65
66
665
668
67
68
69
7
70
73
74
75
77
79
8
80
81
82
826
827
831
841
848
859
86
863
8644
865
8692
87
8711
8717
8729
877
88
89
898
90
9000
904
92
928
93
94
943
947
948
96
9758
9789
9823
9835
9842
9949
9963
998
9991
1
10071
10098
10108
10129
10134
10135
1067
108
109
11
11127
11138
11185
11203
11239
11242
11248
11255
11262
11312
11376
11462
11465
11481
11490
11531
12
12026
12033
12196
12218
12332
12348
12363
12376
12384
12385
12386
12387
12388
13
135
14
1435
1438
1458
1459
1471
15
1501
1559
1581
1583
1585
1587
1588
1593
16
1610
1615
1664
17
172
173
174
177
178
179
18
180
181
1815
182
184
1859
186
187
188
189
19
190
191
193
194
195
196
197
198
2
20
21
2124
22
2202
2208
2209
2210
2211
2212
2220
2224
2239
2240
2242
2244
2247
2257
2288
23
2300
2301
2309
2320
234
2398
24
2400
2418
2425
2428
2470
2471
2489
2544
2559
2570
2573
2580
2587
2589
2591
2594
2599
26
2600
2601
2602
2603
2605
2606
2607
2609
2611
2617
2642
2657
27
274
275
2756
2760
2765
2787
28
2807
2820
2826
2832
2841
2846
2857
2864
2876
29
2902
2925
2935
2936
2954
2978
2994
3
30
3047
3061
3063
3066
3068
3076
3077
3111
3113
3117
3155
32
3210
3269
328
33
3390
34
35
36
3697
38
4
410
43
44
45
46
47
48
49
5
50
522
53
54
55
56
57
571
58
582
59
6
60
63
6329
64
645
65
66
665
668
67
68
69
7
70
73
74
75
77
79
8
80
81
82
826
827
831
841
848
859
86
863
8644
865
8692
87
8711
8717
8729
877
88
89
898
90
9000
904
92
928
93
94
943
947
948
96
9758
9789
9823
9835
9842
9949
9963
998
9991
1
10071
10098
10108
10129
10134
10135
1067
108
109
11
11127
11138
11185
11203
11239
11242
11248
11255
11262
11312
11376
11462
11465
11481
11490
11531
12
12026
12033
12196
12218
12332
12348
12363
12376
12403
12410
12413
12414
12416
12417
12418
13
135
14
1435
1438
1458
1459
1471
15
1501
1559
1581
1583
1585
1587
1588
1593
16
1610
1615
1664
17
172
173
174
177
178
179
18
180
181
1815
182
184
1859
186
187
188
189
19
190
191
193
194
195
196
197
198
2
20
21
2124
22
2202
2208
2209
2210
2211
2212
2220
2224
2239
2240
2242
2244
2247
2257
2288
23
2300
2301
2309
2320
234
2398
24
2400
2418
2425
2428
2470
2471
2489
2544
2559
2570
2573
2580
2587
2589
2591
2594
2599
26
2600
2601
2602
2603
2605
2606
2607
2609
2611
2617
2642
2657
27
274
275
2756
2760
2765
2787
28
2807
2820
2826
2832
2841
2846
2857
2864
2876
29
2902
2925
2935
2936
2954
2978
2994
3
30
3047
3061
3063
3066
3068
3076
3077
3111
3113
3117
3155
32
3210
3269
328
33
3390
34
35
36
3697
38
4
410
43
44
45
46
47
48
49
5
50
522
53
54
55
56
57
571
58
582
59
6
60
63
6329
64
645
65
66
665
668
67
68
69
7
70
73
74
75
77
79
8
80
81
82
826
827
831
841
848
859
86
863
8644
865
8692
87
8711
8717
8729
877
88
89
898
90
9000
904
92
928
93
94
943
947
948
96
9758
9789
9823
9835
9842
9949
9963
998
9991
1
10071
10098
10129
10135
1067
108
109
11
11127
11138
11185
11203
11239
11242
11248
11255
11262
11312
11376
11462
11465
11481
11490
11531
12
12026
12033
12196
12218
12348
12363
12376
12410
12440
12463
12470
12476
12480
12487
12488
12489
12490
12491
12493
12494
13
135
14
1435
1438
1458
1459
1471
15
1501
1559
1581
1583
1585
1587
1588
1593
16
1610
1615
1664
17
172
173
174
177
178
179
18
180
181
1815
182
184
1859
186
187
188
189
19
190
191
193
194
195
196
197
198
2
20
21
2124
22
2202
2208
2209
2210
2211
2212
2220
2224
2239
2240
2242
2244
2247
2257
2288
23
2300
2301
2309
2320
234
2398
24
2400
2418
2425
2428
2470
2471
2489
2544
2559
2570
2573
2580
2587
2589
2591
2594
2599
26
2600
2601
2602
2603
2605
2606
2607
2609
2611
2617
2642
2657
27
274
275
2756
2760
2765
2787
28
2807
2820
2826
2832
2841
2846
2857
2864
2876
29
2902
2925
2935
2936
2954
2978
2994
3
30
3047
3061
3063
3066
3068
3076
3077
3111
3113
3117
3155
32
3210
3269
328
33
3390
34
35
36
3697
38
4
410
43
44
45
46
47
48
49
5
50
522
53
54
55
56
57
571
58
582
59
6
60
63
64
645
65
66
665
668
67
68
69
7
70
73
74
75
77
79
8
80
81
82
826
827
831
841
848
859
86
863
8644
865
8692
87
8711
8717
8729
877
88
89
898
90
9000
904
92
928
93
94
943
947
948
96
9758
9789
9823
9835
9842
9949
9963
998
9991
1
10071
10129
10135
1067
108
109
11
11185
11239
11242
11248
11255
11262
11312
11376
11462
11465
11481
11490
11531
12
12026
12033
12196
12218
12348
12363
12376
12440
12463
12476
12480
12503
12600
12601
12602
12604
12605
12606
12607
12608
13
135
14
1435
1438
1458
1459
1471
15
1501
1559
1581
1583
1585
1587
1588
1593
16
1610
1615
1664
17
172
173
174
177
178
179
18
180
181
1815
182
184
1859
186
187
188
189
19
190
191
193
194
195
196
197
198
2
20
21
2124
22
2202
2208
2209
2210
2211
2212
2220
2224
2239
2240
2242
2244
2247
2257
2288
23
2300
2301
2309
2320
234
2398
24
2400
2418
2425
2428
2470
2471
2489
2544
2559
2570
2573
2580
2587
2589
2591
2594
2599
26
2600
2601
2602
2603
2605
2606
2607
2609
2611
2617
2642
2657
27
274
275
2756
2760
2765
2787
28
2807
2820
2826
2832
2841
2846
2857
2864
2876
29
2902
2925
2935
2936
2954
2978
2994
3
30
3047
3061
3063
3066
3068
3076
3077
3111
3113
3117
3155
32
3210
3269
328
33
3390
34
35
36
3697
38
4
410
43
44
45
46
47
48
49
5
50
522
53
54
55
56
57
571
58
582
59
6
60
63
64
645
65
66
665
668
67
68
69
7
70
73
74
75
77
79
8
80
81
82
826
827
831
841
848
859
86
863
8644
865
8692
8717
8729
877
88
89
898
90
9000
904
92
928
93
94
943
947
948
96
9758
9789
9823
9835
9842
9949
9963
998
9991
1
10071
10129
10135
1067
108
109
11
11185
11239
11242
11248
11255
11262
11312
11376
11462
11465
11481
11490
11531
12
12026
12033
12196
12218
12348
12363
12376
12463
12476
12480
12503
12600
12601
12602
12611
12614
12618
12627
12662
12704
12708
12710
12711
12712
13
135
14
1435
1438
1458
1459
1471
15
1501
1559
1581
1583
1585
1587
1588
1593
16
1610
1664
17
172
173
174
177
178
179
18
180
181
1815
182
184
1859
186
187
188
189
19
190
191
193
194
195
196
197
198
2
20
21
2124
22
2202
2208
2209
2210
2211
2212
2220
2224
2239
2240
2242
2244
2247
2257
2288
23
2300
2301
2309
2320
234
2398
24
2400
2418
2425
2428
2470
2471
2489
2544
2559
2570
2573
2580
2587
2589
2591
2594
2599
26
2600
2601
2602
2603
2605
2606
2607
2609
2611
2617
2642
2657
27
274
275
2756
2760
2765
2787
28
2807
2820
2826
2832
2841
2846
2857
2864
2876
29
2902
2925
2935
2936
2954
2978
2994
3
30
3047
3061
3063
3066
3068
3076
3077
3111
3113
3117
3155
32
3210
3269
328
33
3390
34
35
36
3697
38
4
410
43
44
45
46
47
48
49
5
50
522
53
54
55
56
57
571
58
582
59
6
60
63
64
645
65
66
665
668
67
68
69
7
70
73
74
75
77
79
8
80
81
82
826
827
831
841
848
859
86
863
8644
865
8692
8717
8729
877
88
89
898
90
9000
904
92
928
93
94
943
947
948
96
9758
9789
9823
9835
9842
9949
998
9991
1
10071
10129
10135
1067
108
109
11
11185
11239
11242
11248
11255
11262
11312
11376
11462
11465
11481
11490
11531
12
12026
12033
12196
12218
12348
12363
12376
12476
12480
12503
12600
12601
12602
12614
12618
12627
12662
12716
12717
12737
12738
12741
12742
12743
12745
12758
12759
12762
12763
12764
13
135
14
1435
1438
1458
1459
1471
15
1501
1559
1581
1583
1585
1587
1588
1593
16
1610
1664
17
172
173
174
177
178
179
18
180
181
1815
182
184
1859
186
187
188
189
19
190
191
193
194
195
196
197
198
2
20
21
2124
22
2202
2208
2209
2210
2211
2212
2220
2224
2239
2240
2242
2244
2247
2257
2288
23
2300
2301
2309
2320
234
2398
24
2400
2418
2425
2428
2470
2471
2489
2544
2559
2570
2573
2580
2587
2589
2591
2594
2599
26
2600
2601
2602
2603
2605
2606
2607
2609
2611
2617
2642
2657
27
274
275
2756
2760
2765
2787
28
2807
2820
2826
2832
2841
2846
2857
2864
2876
29
2902
2925
2935
2936
2954
2978
2994
3
30
3047
3061
3063
3066
3068
3076
3077
3111
3113
3117
3155
32
3210
3269
328
33
3390
34
35
36
3697
38
4
410
43
44
45
46
47
48
49
5
50
522
53
54
55
56
57
571
58
582
59
6
60
63
64
645
65
66
665
668
67
68
69
7
70
73
74
75
77
79
8
80
81
82
826
827
831
841
848
859
86
863
8644
865
8717
877
88
89
898
90
9000
904
92
928
93
94
943
947
948
96
9789
9823
9835
9842
9949
998
9991
1
10071
10129
1067
108
109
11185
11239
11242
11248
11255
11262
11312
11376
11462
11465
11481
11490
11531
12
12026
12033
12196
12218
12348
12363
12376
12476
12480
12503
12600
12601
12602
12614
12618
12627
12662
12717
12737
12738
12741
12742
12743
12745
12769
12775
12796
12797
12800
12802
12803
13
135
14
1435
1438
1458
1459
1471
15
1501
1559
1581
1583
1585
1587
1588
1593
16
1610
1664
17
172
173
174
177
178
179
18
180
181
1815
182
184
1859
186
187
188
189
19
190
191
193
194
195
196
197
198
2
20
21
2124
22
2202
2208
2209
2210
2211
2212
2220
2224
2239
2240
2242
2244
2247
2257
2288
23
2300
2301
2309
2320
234
2398
24
2400
2418
2425
2428
2470
2471
2489
2544
2559
2570
2573
2580
2587
2589
2591
2594
2599
26
2600
2601
2602
2603
2605
2606
2607
2609
2611
2617
2642
2657
27
274
275
2756
2760
2765
2787
28
2807
2820
2826
2832
2841
2846
2857
2864
2876
29
2902
2925
2935
2936
2954
2978
2994
3
30
3047
3061
3063
3066
3068
3076
3077
3111
3113
3117
3155
32
3210
3269
328
33
3390
34
35
36
3697
38
4
410
43
44
45
46
47
48
49
5
50
522
53
54
55
56
57
571
58
582
59
6
60
63
64
645
65
66
665
668
67
68
69
7
70
73
74
75
77
79
8
80
81
82
826
827
831
841
848
859
86
863
8644
865
8717
877
88
89
898
90
9000
904
92
928
93
943
947
948
96
9789
9823
9835
9949
998
9991
1
10071
10129
1067
108
109
11185
11239
11242
11248
11255
11262
11312
11376
11462
11465
11481
11490
11531
12
12026
12033
12196
12218
12348
12363
12376
12476
12480
12503
12600
12601
12602
12614
12627
12662
12717
12737
12738
12741
12742
12743
12745
12769
12775
12807
12830
12832
12833
12834
12835
13
135
14
1435
1438
1458
1459
1471
15
1501
1559
1581
1583
1585
1587
1588
1593
16
1610
1664
17
172
173
174
177
178
179
18
180
181
1815
182
184
1859
186
187
188
189
19
190
191
193
194
195
196
197
198
2
20
21
2124
22
2202
2208
2209
2210
2211
2212
2220
2224
2239
2240
2242
2244
2247
2257
2288
23
2300
2301
2309
2320
234
2398
24
2400
2418
2425
2428
2470
2471
2489
2544
2559
2570
2573
2580
2587
2589
2591
2594
2599
26
2600
2601
2602
2603
2605
2606
2607
2609
2611
2617
2642
2657
27
274
275
2756
2760
2765
2787
28
2807
2820
2826
2832
2841
2846
2857
2864
2876
29
2902
2925
2935
2936
2954
2978
2994
3
30
3047
3061
3063
3066
3068
3076
3077
3111
3113
3117
3155
32
3210
3269
328
33
3390
34
35
36
3697
38
4
410
43
44
45
46
47
48
49
5
50
522
53
54
55
56
57
571
58
582
59
6
60
63
64
645
65
66
665
668
67
68
69
7
70
73
74
75
77
79
8
80
81
82
826
827
831
841
848
859
86
863
8644
865
877
88
89
898
90
9000
904
92
928
93
943
947
948
96
9789
9823
9835
9949
998
9991
1
10071
10129
1067
108
109
11185
11239
11242
11248
11255
11262
11312
11376
11462
11465
11481
11490
11531
12
12026
12033
12196
12218
12348
12363
12376
12476
12480
12503
12600
12601
12602
12614
12627
12662
12717
12737
12741
12742
12743
12745
12769
12775
12807
12840
12927
12941
12945
12947
12948
12949
13
135
14
1435
1438
1458
1459
1471
15
1501
1559
1581
1583
1585
1587
1588
1593
16
1610
1664
17
172
173
174
177
178
179
18
180
181
1815
182
184
1859
186
187
188
189
19
190
191
193
194
195
196
197
198
2
20
21
2124
22
2202
2208
2209
2210
2211
2212
2220
2224
2239
2240
2242
2244
2247
2257
2288
23
2300
2301
2309
2320
234
2398
24
2400
2418
2425
2428
2470
2471
2489
2544
2559
2570
2573
2580
2587
2589
2591
2594
2599
26
2600
2601
2602
2603
2605
2606
2607
2609
2611
2617
2642
2657
27
274
275
2756
2760
2765
2787
28
2807
2820
2826
2832
2841
2846
2857
2864
2876
29
2902
2925
2935
2936
2954
2978
2994
3
30
3047
3061
3063
3066
3068
3076
3077
3111
3113
3117
3155
32
3210
3269
328
33
3390
34
35
36
3697
38
4
410
43
44
45
46
47
48
49
5
50
522
53
54
55
56
57
571
58
582
59
6
60
63
64
645
65
66
665
668
67
68
69
7
70
73
74
75
77
79
8
80
81
82
826
827
831
841
848
859
86
863
8644
865
877
88
89
898
90
9000
904
92
928
93
943
947
948
96
9789
9823
9835
9949
998
9991
1
10071
10129
1067
108
109
11185
11239
11242
11248
11255
11262
11312
11376
11462
11465
11481
11490
11531
12
12026
12033
12196
12218
12348
12363
12376
12476
12480
12503
12600
12601
12602
12614
12627
12662
12717
12737
12741
12742
12743
12745
12775
12840
12927
12954
12955
12984
13
13068
13070
13075
13077
13078
13079
13080
135
14
1435
1438
1458
1459
1471
15
1501
1559
1581
1583
1585
1587
1588
1593
16
1610
1664
17
172
173
174
177
178
179
18
180
181
1815
182
184
1859
186
187
188
189
19
190
191
193
194
195
196
197
198
2
20
21
2124
22
2202
2208
2209
2210
2211
2212
2220
2224
2239
2240
2242
2244
2247
2257
2288
23
2300
2301
2309
2320
234
2398
24
2400
2418
2425
2428
2470
2471
2489
2544
2559
2570
2573
2580
2587
2589
2591
2594
2599
26
2600
2601
2602
2603
2605
2606
2607
2609
2611
2617
2642
2657
27
274
275
2756
2760
2765
2787
28
2807
2820
2826
2832
2841
2846
2857
2864
2876
29
2902
2925
2935
2936
2954
2978
2994
3
30
3047
3061
3063
3066
3068
3076
3077
3111
3113
3117
3155
32
3210
3269
328
33
3390
34
35
36
3697
38
4
410
43
44
45
46
47
48
49
5
50
522
53
54
55
56
57
571
58
582
59
6
60
63
64
645
65
66
665
668
67
68
69
7
70
73
74
75
77
79
8
80
81
82
826
827
831
841
848
859
86
863
8644
865
877
88
89
898
90
9000
904
92
928
93
943
947
948
96
9789
9823
9835
9949
998
9991
1
10071
10129
1067
108
109
11185
11239
11242
11248
11255
11262
11312
11376
11462
11465
11481
11490
11531
12
12026
12033
12196
12218
12348
12363
12376
12476
12480
12503
12600
12601
12602
12627
12662
12717
12737
12775
12927
12955
12984
13
13068
13070
13084
13121
13125
13140
13141
13142
13146
13150
13152
13153
13154
135
14
1435
1438
1458
1459
1471
15
1501
1559
1581
1583
1585
1587
1588
1593
16
1610
1664
17
172
173
174
177
178
179
18
180
181
1815
182
184
1859
186
187
188
189
19
190
191
193
194
195
196
197
198
2
20
21
2124
22
2202
2208
2209
2210
2211
2212
2220
2224
2239
2240
2242
2244
2247
2257
2288
23
2300
2301
2309
2320
234
2398
24
2400
2418
2425
2428
2470
2471
2489
2544
2559
2570
2573
2580
2587
2589
2591
2594
2599
26
2600
2601
2602
2603
2605
2606
2607
2609
2611
2617
2642
2657
27
274
275
2756
2760
2765
2787
28
2807
2820
2826
2832
2841
2846
2857
2864
2876
29
2902
2925
2935
2936
2954
2978
2994
3
30
3047
3061
3063
3066
3068
3076
3077
3111
3113
3117
3155
32
3210
3269
328
33
3390
34
35
36
3697
38
4
410
43
44
45
46
47
48
49
5
50
522
53
54
55
56
57
571
58
582
59
6
60
63
64
645
65
66
665
668
67
68
69
7
70
73
74
75
77
79
8
80
81
82
826
827
831
841
848
859
86
863
8644
865
877
88
89
898
90
9000
904
92
928
93
943
947
948
96
9789
9835
9949
998
9991
1
10071
10129
1067
108
109
11185
11239
11242
11248
11255
11262
11312
11376
11462
11465
11481
11490
11531
12
12026
12033
12196
12218
12376
12476
12480
12503
12600
12601
12602
12627
12662
12717
12775
12927
12955
12984
13
13068
13070
13084
13121
13125
13162
13171
13173
13196
13205
13206
13207
13224
13227
13228
13229
13230
135
14
1435
1438
1458
1459
1471
15
1501
1559
1581
1583
1585
1587
1588
1593
16
1610
1664
17
172
173
174
177
178
179
18
180
181
1815
182
184
1859
186
187
188
189
19
190
191
193
194
195
196
197
198
2
20
21
2124
22
2202
2208
2209
2210
2211
2212
2220
2224
2239
2240
2242
2244
2247
2257
2288
23
2300
2301
2309
2320
234
2398
24
2400
2418
2425
2428
2470
2471
2489
2544
2559
2570
2573
2580
2587
2589
2591
2594
2599
26
2600
2601
2602
2603
2605
2606
2607
2609
2611
2617
2642
2657
27
274
275
2756
2760
2765
2787
28
2807
2820
2826
2832
2841
2846
2857
2864
2876
29
2902
2925
2935
2936
2954
2978
2994
3
30
3047
3061
3063
3066
3068
3076
3077
3111
3113
3117
3155
32
3210
3269
328
33
3390
34
35
36
3697
38
4
410
43
44
45
46
47
48
49
5
50
522
53
54
55
56
57
571
58
582
59
6
60
63
64
645
65
66
665
668
67
68
69
7
70
73
74
75
77
79
8
80
81
82
826
827
831
841
848
859
86
863
8644
865
877
88
89
898
90
9000
904
92
928
93
943
947
948
96
9789
9835
9949
998
9991
1
10071
10129
1067
108
109
11185
11239
11242
11248
11255
11262
11312
11376
11462
11465
11481
11490
11531
12
12026
12033
12196
12218
12376
12476
12480
12600
12601
12627
12662
12717
12775
12927
12984
13
13068
13070
13084
13121
13162
13171
13173
13196
13238
13263
13288
13290
13294
13296
13297
13298
135
14
1435
1438
1458
1459
1471
15
1501
1559
1581
1583
1585
1587
1588
1593
16
1610
1664
17
172
173
174
177
178
179
18
180
181
1815
182
184
1859
186
187
188
189
19
190
191
193
194
195
196
197
198
2
20
21
2124
22
2202
2208
2209
2210
2211
2212
2220
2224
2239
2240
2242
2244
2247
2257
2288
23
2300
2301
2309
2320
234
2398
24
2400
2418
2425
2428
2470
2471
2489
2544
2559
2570
2573
2580
2587
2589
2591
2594
2599
26
2600
2601
2602
2603
2605
2606
2607
2609
2611
2617
2642
2657
27
274
275
2756
2760
2765
2787
28
2807
2820
2826
2832
2841
2846
2857
2864
2876
29
2902
2925
2935
2936
2954
2978
2994
3
30
3047
3061
3063
3066
3068
3076
3077
3111
3113
3117
3155
32
3210
3269
328
33
3390
34
35
36
3697
38
4
410
43
44
45
46
47
48
49
5
50
522
53
54
55
56
57
571
58
582
59
6
60
63
64
645
65
66
665
668
67
68
69
7
70
73
74
75
77
79
8
80
81
82
826
827
831
841
848
859
86
863
8644
865
877
88
89
898
90
9000
904
92
928
93
943
947
948
96
9789
9835
9949
998
9991
1
10071
10129
1067
108
109
11185
11239
11242
11248
11255
11262
11312
11376
11462
11465
11481
11490
11531
12
12026
12033
12196
12218
12376
12476
12480
12600
12601
12627
12662
12717
12775
12927
12984
13
13070
13084
13121
13162
13171
13173
13196
13238
13263
13288
13310
13311
13313
13315
13316
13317
13323
13343
13344
13346
13347
13348
135
14
1435
1438
1458
1459
1471
15
1501
1559
1581
1583
1585
1587
1588
1593
16
1610
1664
17
172
173
174
177
178
179
18
180
181
1815
182
184
1859
186
187
188
189
19
190
191
193
194
195
196
197
198
2
20
21
2124
22
2202
2208
2209
2210
2211
2212
2220
2224
2239
2240
2242
2244
2247
2257
2288
23
2300
2301
2309
2320
234
2398
24
2400
2418
2425
2428
2470
2471
2489
2544
2559
2570
2573
2580
2587
2589
2591
2594
2599
26
2600
2601
2602
2603
2605
2606
2607
2609
2611
2617
2642
2657
27
274
275
2756
2760
2765
2787
28
2807
2820
2826
2832
2841
2846
2857
2864
2876
29
2902
2925
2935
2936
2954
2978
2994
3
30
3047
3061
3063
3066
3068
3076
3077
3111
3113
3117
3155
32
3210
3269
328
33
3390
34
35
36
3697
38
4
410
43
44
45
46
47
48
49
5
50
522
53
54
55
56
57
571
58
582
59
6
60
63
64
645
65
66
665
668
67
68
69
7
70
73
74
75
77
79
8
80
81
82
826
827
831
841
848
859
86
863
8644
865
877
88
89
898
90
9000
904
92
928
93
943
947
948
96
9789
9835
9949
998
9991
1
10
1002
1007
1028
104
11
110
1111
1124
1183
12
13
134
138
14
1482
1484
15
1567
1570
1574
1581
16
1609
165
166
167
1673
168
1686
1687
1688
169
1692
1695
17
170
171
172
1725
173
174
1746
175
176
177
178
179
18
180
181
182
183
184
185
186
187
188
189
19
1917
1957
1959
1962
2
20
202
203
204
205
206
207
208
209
21
210
211
212
22
2223
2290
2295
2296
2297
2298
2299
23
2306
2310
2321
2322
2324
2328
2333
2342
237
2377
238
2387
2391
24
2402
2421
2482
2485
25
2505
2515
2518
2557
2559
2570
26
2634
2649
2659
2671
2673
2675
2676
2677
2684
2688
2690
2691
2692
2693
2694
2695
2697
2698
2699
27
2720
274
275
28
2801
2802
2812
2822
2863
2868
29
2905
2913
2914
2934
2940
2951
2959
2964
2974
2989
2999
3
30
3031
3032
3064
3071
3084
3090
31
3105
3155
3189
32
3203
3207
3209
3234
3235
3253
327
3289
33
3346
3387
34
3406
3408
3411
3417
3424
343
3432
3470
35
3529
3530
3531
358
36
3618
3619
3620
3621
3622
37
38
386
39
4
40
41
412
413
42
43
44
45
46
47
48
49
5
50
51
52
53
54
55
550
553
56
57
572
58
59
6
60
61
62
63
64
649
65
650
651
66
668
669
67
670
672
673
68
69
7
70
71
72
73
74
75
76
77
78
79
8
80
81
818
82
826
828
83
836
84
85
86
863
868
87
88
889
89
895
896
9
90
903
906
91
910
92
94
95
96
97
972
98
1
10
1002
1007
1028
11
110
1111
1124
1183
12
13
134
138
14
1482
1484
15
1567
1570
1574
1581
16
1609
167
1673
168
1686
1687
1688
169
1692
1695
17
170
171
172
1725
174
1746
175
176
177
178
179
18
180
181
182
183
184
185
186
187
188
189
19
1917
1957
1962
2
20
207
209
21
211
22
2223
2290
2295
2296
2297
2298
2299
23
2306
2310
2321
2322
2324
2328
2333
2342
237
2377
238
2387
2391
24
2402
2421
2482
2485
2505
2515
2518
2557
2559
2570
26
2634
2649
2659
2671
2673
2675
2676
2677
2684
2688
2690
2691
2692
2693
2694
2695
2697
2698
2699
27
2720
274
275
28
2801
2802
2812
2822
2863
2868
29
2905
2913
2914
2934
2940
2951
2959
2964
2974
2989
2999
3
30
3031
3032
3064
3071
3084
3090
31
3105
3155
3189
32
3203
3207
3209
3234
3235
3253
327
3289
33
3346
34
3406
3408
3411
3417
3424
3432
3470
35
3529
3530
3531
358
36
38
3814
3815
3831
386
3960
3961
3964
3965
3966
4
41
412
413
43
44
45
46
47
48
49
5
50
52
53
54
55
550
553
56
57
572
58
59
6
60
61
62
63
64
649
65
650
651
66
668
669
67
673
68
69
7
70
71
72
73
74
75
77
78
79
8
80
81
818
826
828
83
836
84
85
86
863
868
87
88
889
89
895
896
90
903
906
91
910
92
94
95
96
97
972
98
1
10
1002
1007
1028
11
110
1111
1124
1183
12
13
134
138
14
1482
1484
15
1567
1570
1574
1581
16
1609
167
1673
168
1686
1687
1688
169
1692
1695
17
170
171
172
1725
174
1746
175
176
177
178
179
18
180
181
182
183
184
185
186
187
188
189
19
1917
1957
1962
2
20
207
209
21
22
2223
2290
2295
2296
2297
2298
2299
23
2306
2310
2321
2322
2324
2328
2333
2342
237
2377
238
2387
2391
24
2402
2421
2482
2485
2505
2515
2518
2557
2559
2570
26
2634
2649
2659
2671
2673
2675
2676
2677
2684
2688
2690
2691
2692
2693
2694
2695
2697
2698
2699
27
2720
274
275
28
2801
2802
2812
2822
2863
2868
29
2905
2913
2914
2934
2940
2951
2959
2964
2974
2989
2999
3
30
3031
3032
3064
3071
3084
3090
3105
3155
3189
32
3203
3207
3209
3234
3235
3253
327
3289
33
3346
34
3406
3408
3411
3417
3424
3432
3470
35
3529
3530
3531
36
38
3815
3831
386
3979
3980
3982
3983
3984
3985
3986
3987
4
41
412
413
43
44
45
46
47
48
49
5
50
52
53
54
55
550
553
56
57
572
58
59
6
60
61
62
63
64
649
65
650
651
66
668
669
67
673
68
69
7
70
71
72
73
74
75
77
78
79
8
80
81
826
828
83
836
84
85
86
863
868
87
88
889
89
895
896
90
903
906
91
910
92
94
95
96
97
972
98
1
10
1002
1007
1028
11
110
1111
1124
1183
12
13
134
138
14
1482
1484
15
1567
1570
1574
1581
16
1609
167
1673
168
1686
1687
1688
169
1692
1695
17
170
171
172
1725
174
1746
175
176
177
178
179
18
180
181
182
183
184
185
186
187
188
189
19
1917
1957
1962
2
20
207
209
21
22
2223
2290
2295
2296
2297
2298
2299
23
2306
2310
2321
2322
2324
2328
2333
2342
237
2377
238
2387
2391
24
2402
2421
2482
2485
2505
2515
2518
2557
2559
2570
26
2634
2649
2659
2671
2673
2675
2676
2677
2684
2688
2690
2691
2692
2693
2694
2695
2697
2698
2699
27
2720
274
275
28
2801
2802
2812
2822
2863
2868
29
2905
2913
2914
2934
2940
2951
2959
2964
2974
2989
2999
3
30
3031
3032
3064
3071
3084
3090
3105
3155
3189
32
3203
3207
3209
3234
3235
3253
327
3289
33
3346
34
3406
3408
3411
3417
3424
3432
3470
35
36
38
3831
386
3979
3980
3991
3993
4
4000
4002
4008
4009
4010
4014
4016
4018
4019
4020
412
413
43
44
45
46
47
48
49
5
50
52
53
54
55
550
553
56
57
572
58
59
6
60
61
62
63
64
649
65
650
651
66
669
67
673
68
69
7
70
71
72
73
74
75
77
78
79
8
80
81
826
828
83
836
84
85
86
863
868
87
88
889
89
895
896
90
903
906
91
910
92
94
95
96
97
972
98
1
10
1002
1007
1028
11
110
1111
1124
1183
12
13
134
138
14
1482
1484
15
1567
1570
1574
1581
16
1609
167
1673
168
1686
1687
1688
169
1692
1695
17
170
171
172
1725
174
1746
175
176
177
178
179
18
180
181
182
183
184
185
186
187
188
189
19
1917
1957
1962
2
20
207
209
21
22
2223
2290
2295
2296
2297
2298
2299
23
2306
2310
2321
2322
2324
2328
2333
2342
2377
238
2387
2391
24
2402
2421
2482
2485
2505
2515
2518
2557
2559
2570
26
2634
2649
2659
2671
2673
2675
2676
2677
2684
2688
2690
2691
2692
2693
2694
2695
2697
2698
2699
27
2720
274
275
28
2801
2802
2812
2822
2863
2868
29
2905
2913
2914
2934
2940
2951
2959
2964
2974
2989
2999
3
30
3031
3032
3064
3071
3084
3090
3105
3155
3189
32
3203
3207
3209
3234
3235
3253
327
3289
33
3346
34
3406
3408
3411
3417
3424
3432
3470
35
36
38
386
3979
3980
3991
3993
4
4000
4002
4023
4029
4030
4031
4038
4039
4040
4041
4042
412
413
43
44
45
46
47
48
49
5
50
52
53
54
55
550
553
56
57
572
58
59
6
60
61
62
63
64
649
65
650
651
66
67
673
68
69
7
70
71
72
73
74
75
77
78
79
8
80
826
828
83
836
84
85
86
863
868
88
889
89
895
896
90
903
906
91
910
92
94
95
96
97
972
98
1
1002
1007
1028
11
110
1111
1124
1183
12
13
134
138
14
1482
1484
15
1567
1570
1574
1581
16
1609
167
1673
168
1686
1687
1688
169
1692
1695
17
170
171
172
1725
174
1746
175
176
177
178
179
18
180
181
182
183
184
185
186
187
188
189
19
1917
1957
1962
2
20
207
209
21
22
2223
2290
2295
2296
2297
2298
2299
23
2306
2310
2321
2322
2324
2328
2333
2342
2377
238
2387
2391
24
2402
2421
2482
2485
2505
2515
2518
2557
2559
2570
26
2634
2649
2659
2671
2673
2675
2676
2677
2684
2688
2690
2691
2692
2693
2694
2695
2697
2698
2699
27
2720
274
275
28
2801
2802
2812
2822
2863
2868
29
2905
2913
2914
2934
2940
2951
2959
2964
2974
2989
2999
3
30
3031
3032
3064
3071
3084
3090
3105
3155
3189
32
3203
3207
3209
3234
3235
3253
327
3289
33
3346
34
3406
3408
3411
3417
3424
3432
3470
35
36
38
386
3979
3980
3991
3993
4
4000
4002
4023
4047
4111
412
4120
4121
4125
413
4173
4175
4176
4178
4179
43
44
45
46
47
48
49
5
50
52
53
54
55
550
553
56
57
572
58
59
6
60
61
62
63
64
649
65
650
651
66
67
673
68
69
7
70
71
72
73
74
75
77
78
79
8
80
826
828
83
836
84
85
86
863
868
88
889
89
895
896
90
903
906
91
910
92
94
95
96
97
972
98
1
1002
1007
1028
11
110
1111
1124
1183
12
13
134
138
14
1482
1484
15
1567
1570
1574
1581
16
1609
167
1673
168
1686
1687
1688
169
1692
1695
17
170
171
172
1725
174
1746
175
176
177
178
179
18
180
181
182
183
184
185
186
187
188
189
19
1917
1957
1962
2
20
207
209
21
22
2223
2290
2295
2296
2297
2298
2299
23
2306
2310
2321
2322
2324
2328
2333
2342
2377
238
2387
2391
24
2402
2421
2482
2485
2505
2515
2518
2557
2559
2570
26
2634
2649
2659
2671
2673
2675
2676
2677
2684
2688
2690
2691
2692
2693
2694
2695
2697
2698
2699
27
2720
274
275
28
2801
2802
2812
2822
2863
2868
29
2905
2913
2914
2934
2940
2951
2959
2964
2974
2989
2999
3
30
3031
3032
3064
3071
3084
3090
3105
3155
3189
32
3203
3207
3209
3234
3235
3253
327
3289
33
3346
34
3406
3408
3411
3417
3424
3432
3470
35
36
38
3979
3980
3991
3993
4
4000
4002
4023
4047
4111
412
4125
413
4209
4210
4211
4230
4246
4261
4262
4264
43
4348
4351
4352
4353
4354
4355
44
45
46
47
48
49
5
50
52
53
54
55
550
553
56
57
572
58
59
6
60
61
62
63
64
649
65
650
651
66
67
68
69
7
70
71
72
73
74
75
77
78
79
8
80
826
828
83
836
84
85
86
863
868
88
889
89
895
896
90
903
906
91
910
92
94
95
96
97
972
98
1
1002
1007
1028
11
110
1111
1124
1183
12
13
134
138
14
1482
1484
15
1570
1574
1581
16
1609
167
1673
168
1686
1687
1688
169
1692
1695
17
170
171
172
1725
174
1746
175
176
177
178
179
18
180
181
182
183
184
185
186
187
188
189
19
1917
1957
1962
2
20
207
209
21
22
2223
2290
2295
2296
2297
2298
2299
23
2306
2310
2321
2322
2324
2328
2333
2342
2377
238
2387
2391
24
2402
2421
2482
2485
2505
2515
2518
2557
2559
2570
26
2634
2649
2659
2671
2673
2675
2676
2677
2684
2688
2690
2691
2692
2693
2694
2695
2697
2698
2699
27
2720
274
275
28
2801
2802
2812
2822
2863
2868
29
2905
2913
2914
2934
2940
2951
2959
2964
2974
2989
2999
3
30
3031
3032
3064
3071
3084
3090
3105
3155
3189
32
3203
3207
3209
3234
3235
3253
327
3289
33
3346
34
3406
3408
3411
3417
3424
3432
3470
35
36
38
3980
3991
3993
4
4000
4002
4023
4047
4111
412
4125
413
4230
4246
4261
4262
4264
43
4348
4360
4361
44
45
46
47
48
49
5
50
52
53
54
55
550
553
56
5616
5626
5627
5628
5646
5649
5652
5654
5656
5657
57
572
58
59
6
60
61
62
63
64
649
65
650
651
66
67
69
7
70
71
72
73
74
75
77
78
79
8
80
826
828
83
836
85
86
863
868
88
889
89
895
896
90
903
906
91
910
92
94
95
96
972
98
1
1002
1007
1028
11
110
1111
1124
1183
12
13
134
138
14
1482
1484
15
1570
1574
1581
16
1609
167
1673
168
1686
1687
1688
169
1692
1695
17
170
171
172
1725
174
1746
175
176
177
178
179
18
180
181
182
183
184
185
186
187
188
189
19
1917
1957
1962
2
20
207
209
21
22
2290
2295
2296
2297
2298
2299
23
2306
2310
2321
2322
2324
2328
2333
2342
2377
238
2387
2391
24
2402
2421
2482
2485
2505
2515
2518
2557
2559
2570
26
2634
2649
2659
2671
2673
2675
2676
2677
2684
2688
2690
2691
2692
2693
2694
2695
2697
2698
2699
27
2720
274
275
28
2801
2802
2812
2822
2863
2868
29
2905
2913
2914
2934
2940
2951
2959
2964
2974
2989
2999
3
30
3031
3032
3064
3071
3084
3090
3105
3155
3189
32
3203
3207
3209
3234
3235
3253
327
3289
33
3346
34
3408
3411
3417
3424
3432
3470
35
36
38
3980
3991
3993
4
4000
4002
4023
4047
4111
412
4125
413
4230
4246
4261
4262
4264
43
4348
4361
44
45
46
47
48
49
5
50
52
53
54
55
550
553
56
5616
5646
5661
5682
5690
5691
5692
5694
5697
5698
5699
57
5700
5701
572
58
59
6
60
61
62
63
64
649
65
650
651
66
67
69
7
70
71
72
73
74
75
77
78
79
8
80
826
828
83
836
85
86
863
868
88
889
89
895
896
90
903
906
91
910
92
94
95
96
972
98
1
1002
1007
1028
11
110
1111
1124
1183
12
13
134
138
14
1482
1484
15
1570
1574
1581
16
1609
167
1673
168
1686
1687
1688
169
1692
1695
17
170
171
172
1725
174
1746
175
176
177
178
179
18
180
181
182
183
184
185
186
187
188
189
19
1917
1957
1962
2
20
207
209
21
22
2290
2295
2296
2297
2298
2299
23
2306
2310
2321
2322
2324
2328
2333
2342
2377
238
2387
2391
24
2402
2421
2482
2485
2505
2515
2518
2557
2559
2570
26
2634
2649
2659
2671
2673
2675
2676
2677
2684
2688
2690
2691
2692
2693
2694
2695
2697
2698
2699
27
2720
274
275
28
2801
2802
2812
2822
2863
2868
29
2905
2913
2914
2934
2940
2951
2959
2964
2974
2989
2999
3
30
3031
3032
3064
3071
3084
3090
3105
3155
3189
32
3203
3207
3209
3234
3235
3253
327
3289
33
3346
34
3408
3411
3417
3424
3432
3470
35
36
38
3980
3991
3993
4
4000
4023
4111
412
4125
413
4230
4246
4261
4262
4264
43
4348
4361
44
45
46
47
48
49
5
50
52
53
54
55
550
553
56
5616
5646
5661
5682
5694
57
5706
5715
572
5751
5767
5768
5769
5771
5772
5775
5778
5780
5782
5783
58
59
6
60
61
62
63
64
649
65
650
651
66
67
69
7
70
71
72
73
74
75
77
78
79
8
80
826
828
83
836
85
86
863
868
88
889
89
895
896
90
903
906
91
910
92
94
95
96
972
98
1
1002
1007
1028
11
110
1111
1124
1183
12
13
134
138
14
1482
1484
15
1570
1574
1581
16
1609
167
1673
168
1686
1687
1688
169
1692
1695
17
170
171
172
1725
174
1746
175
176
177
178
179
18
180
181
182
183
184
185
186
187
188
189
19
1917
1957
1962
2
20
207
21
22
2290
2295
2296
2297
2298
2299
23
2306
2310
2321
2322
2324
2328
2333
2342
2377
238
2387
2391
24
2402
2421
2482
2485
2505
2515
2518
2557
2559
2570
26
2634
2649
2659
2671
2673
2675
2676
2677
2684
2688
2690
2691
2692
2693
2694
2695
2697
2698
2699
27
2720
274
275
28
2801
2802
2812
2822
2863
2868
29
2905
2913
2914
2934
2940
2951
2959
2964
2974
2989
2999
3
30
3031
3032
3064
3071
3084
3090
3105
3155
3189
32
3203
3207
3209
3234
3235
3253
327
3289
33
3346
34
3408
3411
3417
3424
3432
3470
35
36
38
3991
3993
4
4000
4023
4111
412
4125
413
4230
4246
4261
4262
4264
43
4348
4361
44
45
46
47
48
49
5
50
52
53
54
55
550
553
56
5646
5661
5682
5694
57
5706
572
5751
5771
5772
5786
5787
5794
5795
5796
58
5814
5816
5817
5819
5822
5824
5825
5826
59
6
60
61
62
63
64
649
65
650
651
66
67
69
7
70
71
72
73
74
75
77
78
79
8
80
826
828
83
836
86
863
868
88
889
89
895
896
90
903
906
91
910
92
94
95
96
972
1
10
1005
1006
1019
103
1035
108
109
11
110
1108
1129
1177
12
1202
13
135
14
1443
1445
1466
1467
1475
15
1522
1524
158
1588
1591
1593
1594
1597
16
1600
1604
1618
165
1683
17
177
178
179
18
180
181
1812
182
183
184
185
186
1862
1865
187
188
189
19
190
191
192
194
195
196
197
198
199
2
20
200
201
202
203
204
205
206
207
208
2093
21
214
22
2238
2240
2241
2242
2243
2244
2245
2258
2260
2268
2270
2272
2274
2280
2284
23
233
2330
2332
2340
235
2363
2384
24
2432
2433
2447
2455
2469
25
2501
2503
2515
2583
2591
26
2614
2620
2625
2626
2627
2629
2631
2632
2635
2637
2640
2642
2643
2645
2646
2647
2655
2660
27
271
272
2721
2776
28
2804
2807
2812
2837
2854
2867
2871
2879
2885
2893
29
2903
2909
2940
2946
2969
2990
2992
3
30
3022
3039
3044
3068
3069
3080
31
3101
3142
3148
3152
3153
3177
3179
32
3203
3238
324
3240
3246
3285
33
3310
3335
34
3412
3460
3461
3462
3463
3464
35
36
364
37
378
38
389
39
395
4
40
403
41
42
43
44
45
454
455
457
46
463
47
48
49
5
50
51
52
53
54
55
56
57
58
59
6
60
61
62
629
63
64
641
648
65
650
66
665
667
668
67
671
673
68
69
7
70
71
72
73
74
75
76
77
78
79
8
80
81
82
83
84
85
86
87
877
88
882
885
89
891
9
90
907
909
914
919
92
924
926
93
933
94
947
95
96
1
10
1005
1006
1019
1035
108
109
11
110
1129
1177
12
1202
13
135
14
1443
1445
1466
1467
1475
15
1522
1524
158
1588
1591
1593
1594
1597
16
1600
1604
1618
165
1683
17
177
178
179
18
180
181
1812
182
183
184
185
186
1865
187
188
189
19
190
191
192
194
195
196
197
198
199
2
20
202
203
204
205
206
2093
21
214
22
2238
2240
2241
2242
2243
2244
2245
2258
2260
2268
2270
2272
2274
2280
2284
23
2330
2332
2340
235
2363
2384
24
2432
2433
2447
2455
2469
25
2501
2503
2515
2583
2591
26
2614
2620
2625
2626
2627
2629
2631
2632
2635
2637
2640
2642
2643
2645
2646
2647
2655
2660
27
271
272
2721
2776
28
2804
2807
2812
2837
2854
2867
2871
2879
2885
2893
29
2903
2909
2940
2946
2969
2990
2992
3
30
3022
3039
3044
3068
3069
3080
31
3101
3142
3148
3152
3153
3177
3179
32
3203
3238
324
3240
3246
3285
33
3310
3335
34
3412
35
36
364
3685
3686
3696
37
38
3936
3937
3938
3940
3941
3942
3943
3944
3945
3947
3948
4
40
403
41
42
43
44
45
454
455
457
46
463
47
48
49
5
50
53
54
55
56
57
58
59
6
60
62
63
64
641
648
65
650
66
665
667
67
673
68
69
7
70
71
73
74
75
76
77
78
79
8
80
81
82
83
85
86
87
88
882
885
89
891
90
907
909
914
919
92
924
926
933
94
947
95
96
1
1005
1006
1019
1035
108
109
11
110
1129
1177
12
1202
13
135
14
1443
1445
1466
1467
1475
15
1522
1524
158
1588
1591
1593
1594
1597
16
1604
1618
1683
17
177
178
179
18
180
181
1812
182
183
184
185
186
1865
187
188
189
19
190
191
192
194
195
196
197
198
199
2
20
202
204
205
206
2093
21
214
22
2238
2240
2241
2242
2243
2244
2245
2258
2260
2268
2270
2272
2274
2280
2284
23
2330
2332
2340
235
2363
2384
24
2432
2433
2447
2455
2469
25
2501
2503
2515
2583
2591
26
2614
2620
2625
2626
2627
2629
2631
2632
2635
2637
2640
2642
2643
2645
2646
2647
2655
2660
27
271
272
2721
2776
28
2804
2807
2812
2837
2854
2867
2871
2879
2885
2893
29
2903
2909
2940
2946
2969
2990
2992
3
30
3022
3039
3044
3068
3069
3080
3101
3142
3148
3152
3153
3177
3179
32
3203
3238
324
3240
3246
3285
33
3310
3335
34
3412
35
36
364
3685
3686
3696
38
3940
3954
4
40
403
41
4202
4208
4281
43
44
4446
4447
45
454
457
4573
46
463
47
4771
48
4802
4804
4805
4806
4807
49
5
50
53
54
55
56
57
58
59
6
60
62
63
64
641
648
65
650
66
665
667
67
673
68
69
7
70
71
73
74
75
76
77
78
79
8
80
81
82
85
86
87
88
882
885
89
891
90
907
909
914
919
92
924
926
933
94
947
95
96
1
1005
1006
1019
1035
108
109
11
110
1129
1177
12
1202
13
135
14
1443
1445
1466
1467
1475
15
1522
1524
158
1588
1591
1593
1594
1597
16
1604
1618
1683
17
177
178
179
18
180
181
1812
182
183
184
185
186
1865
187
188
189
19
190
191
192
194
195
196
197
198
199
2
20
202
205
206
2093
21
22
2238
2240
2241
2242
2243
2244
2245
2258
2260
2268
2270
2272
2274
2280
2284
23
2330
2332
2340
235
2363
2384
24
2432
2433
2447
2455
2469
25
2501
2503
2515
2583
2591
26
2614
2620
2625
2626
2627
2629
2631
2632
2635
2637
2640
2642
2643
2645
2646
2647
2655
2660
27
271
272
2721
2776
28
2804
2807
2812
2837
2854
2867
2871
2879
2885
2893
29
2903
2909
2940
2946
2969
2990
2992
3
30
3022
3039
3044
3068
3069
3080
3101
3142
3148
3152
3153
3177
3179
32
3203
3238
324
3240
3246
3285
33
3310
3335
34
3412
35
36
364
3685
3686
3696
38
3940
4
403
41
4202
4208
4281
43
44
4447
45
454
457
4573
46
463
47
4771
48
4813
49
5
50
5070
5071
5072
5074
5076
5077
5080
5081
5082
53
54
55
56
57
58
59
6
60
63
64
641
648
65
650
66
665
667
67
673
68
69
7
70
74
75
76
77
78
79
8
80
81
82
86
87
88
882
885
89
891
90
907
909
914
919
92
924
926
933
94
947
95
96
1
1005
1006
1019
1035
108
109
11
110
1129
1177
12
1202
13
135
14
1443
1445
1466
1467
1475
15
1522
1524
1588
1591
1593
1594
1597
16
1604
1618
1683
17
177
178
179
18
180
181
1812
182
183
184
185
186
1865
187
188
189
19
190
191
192
194
195
196
197
198
199
2
20
202
205
206
2093
21
22
2238
2240
2241
2242
2243
2244
2245
2258
2260
2268
2270
2272
2274
2280
2284
23
2330
2332
2340
235
2363
2384
24
2432
2433
2447
2455
2469
2501
2503
2515
2583
2591
26
2614
2620
2625
2626
2627
2629
2631
2632
2635
2637
2640
2642
2643
2645
2646
2647
2655
2660
27
271
272
2721
2776
28
2804
2807
2812
2837
2854
2867
2871
2879
2885
2893
29
2903
2909
2940
2946
2969
2990
2992
3
30
3022
3039
3044
3068
3069
3080
3101
3142
3148
3152
3153
3177
3179
32
3203
3238
324
3240
3246
3285
33
3310
3335
34
3412
35
36
364
3685
3686
3696
38
3940
4
403
41
4208
4281
43
44
4447
45
454
457
4573
46
463
47
4771
48
4813
49
5
50
5074
5208
5209
53
54
5413
5430
55
5547
5548
5549
5551
5552
5553
5554
5555
56
57
58
59
6
60
63
64
641
648
65
650
66
665
667
67
673
68
69
7
70
74
75
76
77
78
79
8
80
81
82
86
87
88
882
885
89
891
90
907
909
914
919
92
924
926
933
94
947
95
96
1
1005
1006
1019
1035
108
109
11
110
1129
1177
12
1202
13
135
14
1443
1445
1466
1467
1475
15
1522
1524
1588
1591
1593
1594
1597
16
1604
1618
1683
17
177
178
179
18
180
181
1812
182
183
184
185
186
1865
187
188
189
19
190
191
192
194
195
196
197
198
199
2
20
202
205
2093
21
22
2238
2240
2241
2242
2243
2244
2245
2258
2260
2268
2270
2272
2274
2280
2284
23
2330
2332
2340
235
2363
2384
24
2432
2433
2447
2455
2469
2501
2503
2515
2583
2591
26
2614
2620
2625
2626
2627
2629
2631
2632
2635
2637
2640
2642
2643
2645
2646
2647
2655
2660
27
271
272
2721
2776
28
2804
2807
2812
2837
2854
2867
2871
2879
2885
2893
29
2903
2909
2940
2946
2969
2990
2992
3
30
3022
3039
3044
3068
3069
3080
3101
3142
3148
3152
3153
3177
3179
32
3203
3238
324
3240
3246
3285
33
3310
3335
34
3412
35
36
3685
3686
3696
38
3940
4
403
4208
4281
43
44
4447
45
454
457
4573
46
463
47
4771
48
4813
49
5
50
5208
5209
53
54
5413
5430
55
5560
5562
56
57
58
59
6
60
6044
6180
6181
6182
6185
6190
6192
6193
6196
6197
6198
63
64
641
648
65
650
66
665
667
67
673
68
69
7
70
74
75
76
77
78
79
8
80
81
82
86
87
88
882
885
89
891
90
907
909
914
919
92
924
926
933
94
947
95
96
1
1005
1006
1019
1035
108
109
11
110
1129
1177
12
1202
13
135
14
1443
1445
1466
1467
1475
15
1522
1524
1588
1591
1593
1594
1597
16
1604
1618
1683
17
177
178
179
18
180
181
1812
182
183
184
185
186
1865
187
188
189
19
190
191
192
194
195
196
197
198
199
2
20
205
2093
21
22
2238
2240
2241
2242
2243
2244
2245
2258
2260
2268
2270
2272
2274
2280
2284
23
2330
2332
2340
235
2363
2384
24
2432
2433
2447
2455
2469
2501
2503
2515
2583
2591
26
2614
2620
2625
2626
2627
2629
2631
2632
2635
2637
2640
2642
2643
2645
2646
2647
2655
2660
27
271
272
2721
2776
28
2804
2807
2812
2837
2854
2867
2871
2879
2885
2893
29
2903
2909
2940
2946
2969
2990
2992
3
30
3022
3039
3044
3068
3069
3080
3101
3142
3148
3152
3153
3177
3179
32
3203
3238
324
3240
3246
3285
33
3310
3335
34
3412
35
36
3685
3686
3696
38
3940
4
403
4208
4281
43
44
45
454
457
4573
46
463
47
4771
48
4813
49
5
50
5208
5209
53
54
5413
55
5562
56
57
58
59
6
60
6044
6185
6190
6201
6208
6209
6210
6213
6215
6218
6219
6220
6221
63
64
641
648
65
650
66
665
667
67
673
68
69
7
70
74
75
76
77
78
79
8
80
81
82
86
87
88
882
885
89
891
90
907
909
914
919
92
924
926
933
94
947
95
96
1
1005
1006
1019
1035
108
109
11
110
1129
1177
12
1202
13
135
14
1443
1445
1466
1467
1475
15
1522
1524
1588
1591
1593
1594
1597
16
1604
1618
1683
17
177
178
179
18
180
181
1812
182
183
184
185
186
1865
187
188
189
19
190
191
192
194
195
196
197
198
199
2
20
205
2093
21
22
2238
2240
2241
2242
2243
2244
2245
2258
2260
2268
2270
2272
2274
2280
2284
23
2330
2332
2340
235
2363
2384
24
2432
2433
2447
2455
2469
2501
2503
2515
2583
2591
26
2614
2620
2625
2626
2627
2629
2631
2632
2635
2637
2640
2642
2643
2645
2646
2647
2655
2660
27
271
272
2721
2776
28
2804
2807
2812
2837
2854
2867
2871
2879
2885
2893
29
2903
2909
2940
2946
2969
2990
2992
3
30
3022
3039
3044
3068
3069
3080
3101
3142
3148
3152
3153
3177
3179
32
3203
3238
324
3240
3246
3285
33
3310
3335
34
3412
35
36
3685
3686
3696
38
3940
4
403
4208
4281
43
44
45
454
457
4573
46
463
47
4771
48
4813
49
5
50
5208
5209
53
54
5413
55
5562
56
57
58
59
6
60
6044
6185
6190
6213
6226
63
6350
64
641
6477
6478
6479
648
6482
6483
6485
6487
6488
65
650
66
665
667
67
673
68
69
7
70
74
75
76
77
78
79
8
80
81
82
86
87
88
882
885
89
891
90
907
909
914
919
92
924
926
933
94
947
95
96
1
1005
1006
1019
1035
108
109
11
1129
1177
12
1202
13
135
14
1443
1445
1466
1467
1475
15
1522
1524
1588
1591
1593
1594
1597
16
1604
1618
1683
17
177
178
179
18
180
181
1812
182
183
184
185
186
1865
187
188
189
19
190
191
192
194
195
196
197
198
199
2
20
205
2093
21
22
2238
2240
2241
2242
2243
2244
2245
2258
2260
2268
2270
2272
2274
2280
2284
23
2330
2332
2340
235
2363
2384
24
2432
2433
2447
2455
2469
2501
2503
2515
2583
2591
26
2614
2620
2625
2626
2627
2629
2631
2632
2635
2637
2640
2642
2643
2645
2646
2647
2655
2660
27
271
272
2721
2776
28
2804
2807
2812
2837
2854
2867
2871
2879
2885
2893
29
2903
2909
2940
2946
2969
2990
2992
3
30
3022
3039
3044
3068
3069
3080
3101
3142
3148
3152
3153
3177
3179
32
3203
3238
324
3240
3246
3285
33
3310
3335
34
3412
35
36
3686
3696
38
3940
4
403
4208
4281
43
44
45
454
457
4573
46
463
47
4771
48
4813
49
5
50
5208
5209
53
54
55
56
57
58
59
6
60
6044
6190
6213
6226
63
6350
64
641
6477
6479
648
6494
6495
6496
6497
6498
65
650
66
665
667
67
673
68
69
7
70
74
75
76
77
79
8
80
81
82
86
87
88
882
885
89
891
90
907
909
914
919
92
924
926
933
94
947
95
96
1
1005
1006
1019
1035
108
109
11
1129
1177
12
1202
13
135
14
1443
1445
1466
1467
1475
15
1522
1524
1588
1591
1593
1594
1597
16
1604
1618
1683
17
177
178
179
18
180
181
1812
182
183
184
185
186
1865
187
188
189
19
190
191
192
194
195
196
197
198
199
2
20
205
2093
21
22
2238
2240
2241
2242
2243
2244
2245
2258
2260
2268
2270
2272
2274
2280
2284
23
2330
2332
2340
235
2363
2384
24
2432
2433
2447
2455
2469
2501
2503
2515
2583
2591
26
2614
2620
2625
2626
2627
2629
2631
2632
2635
2637
2640
2642
2643
2645
2646
2647
2655
2660
27
271
272
2721
2776
28
2804
2807
2812
2837
2854
2867
2871
2879
2885
2893
29
2903
2909
2940
2946
2969
2990
2992
3
30
3022
3039
3044
3068
3069
3080
3101
3142
3148
3152
3153
3177
3179
32
3203
3238
324
3240
3246
3285
33
3310
3335
34
3412
35
36
3686
3696
38
3940
4
403
4208
4281
43
44
45
454
457
4573
46
463
47
4771
48
4813
49
5
50
5208
5209
53
54
55
56
57
58
59
6
60
6044
6190
6213
6226
63
6350
64
641
6477
6479
648
65
650
6503
6504
6524
6572
6580
6581
6582
66
665
667
6699
67
6700
6701
6705
6709
6711
6712
6713
673
68
69
7
70
74
75
76
77
79
8
80
81
82
86
87
88
882
885
89
891
90
907
909
914
919
92
924
926
933
94
947
95
96
1
1005
1006
1019
1035
108
109
11
1129
1177
12
1202
13
135
14
1443
1445
1466
1467
1475
15
1522
1524
1588
1591
1593
1594
1597
16
1604
1618
1683
17
177
178
179
18
180
181
1812
182
183
184
185
186
1865
187
188
189
19
190
191
192
194
195
196
197
198
199
2
20
205
2093
21
22
2238
2240
2241
2242
2243
2244
2245
2258
2260
2268
2270
2272
2274
2280
2284
23
2330
2332
2340
235
2363
2384
24
2432
2433
2447
2455
2469
2501
2503
2515
2583
2591
26
2614
2620
2625
2626
2627
2629
2631
2632
2635
2637
2640
2642
2643
2645
2646
2647
2655
2660
27
271
272
2721
2776
28
2804
2807
2812
2837
2854
2867
2871
2879
2885
2893
29
2903
2909
2940
2946
2969
2990
2992
3
30
3022
3039
3044
3068
3069
3080
3101
3142
3148
3152
3153
3177
3179
32
3203
3238
324
3240
3246
3285
33
3310
3335
34
3412
35
36
3686
3696
38
3940
4
403
4281
43
44
45
454
457
46
463
47
4771
48
4813
49
5
50
5208
5209
53
54
55
56
57
58
59
6
60
6044
6190
6213
6226
63
6350
64
641
6477
648
65
650
6503
6504
6524
6572
6580
6581
6582
66
665
6699
67
6700
6701
673
68
6801
6803
6804
6805
6806
69
7
70
74
75
76
77
79
8
80
81
82
86
87
88
882
885
89
891
90
907
909
914
919
92
924
926
933
94
947
95
96
1
1005
1006
1019
1035
108
109
11
1129
1177
12
1202
13
135
14
1443
1445
1466
1467
1475
15
1522
1524
1588
1591
1593
1594
1597
16
1604
1618
1683
17
177
178
179
18
180
181
1812
182
183
184
185
186
1865
187
188
189
19
190
191
192
194
195
196
197
198
199
2
20
205
2093
21
22
2238
2240
2241
2242
2243
2244
2245
2258
2260
2268
2270
2272
2274
2280
2284
23
2330
2332
2340
235
2363
2384
24
2432
2433
2447
2455
2469
2501
2503
2515
2583
2591
26
2614
2620
2625
2626
2627
2629
2631
2632
2635
2637
2640
2642
2643
2645
2646
2647
2655
2660
27
271
272
2721
2776
28
2804
2807
2812
2837
2854
2867
2871
2879
2885
2893
29
2903
2909
2940
2946
2969
2990
2992
3
30
3022
3039
3044
3068
3069
3080
3101
3142
3148
3152
3153
3177
3179
32
3203
3238
324
3240
3246
3285
33
3310
3335
34
3412
35
36
3686
3696
38
3940
4
403
4281
43
44
45
454
457
46
463
47
4771
48
4813
49
5
50
5208
5209
53
54
55
56
57
58
59
6
60
6044
6190
6213
6226
63
6350
64
641
6477
648
65
650
6503
6504
6524
6572
6581
6582
66
665
6699
67
6700
6701
673
68
6811
6812
6821
6837
6839
6840
6850
6865
6868
6869
6874
6875
6876
69
7
70
74
75
76
77
79
8
80
81
82
86
87
88
882
885
89
891
90
907
909
914
919
92
924
926
933
94
947
95
96
1
1005
1006
1019
1035
108
109
11
1129
1177
12
1202
13
135
14
1443
1445
1466
1467
1475
15
1522
1524
1588
1591
1593
1594
1597
16
1604
1618
1683
17
177
178
179
18
180
181
1812
182
183
184
185
186
1865
187
188
189
19
190
191
192
194
195
196
197
198
199
2
20
205
2093
21
22
2238
2240
2241
2242
2243
2244
2245
2258
2260
2268
2270
2272
2274
2280
2284
23
2330
2332
2340
235
2363
2384
24
2432
2433
2447
2455
2469
2501
2503
2515
2583
2591
26
2614
2620
2625
2626
2627
2629
2631
2632
2635
2637
2640
2642
2643
2645
2646
2647
2655
2660
27
271
272
2721
2776
28
2804
2807
2812
2837
2854
2867
2871
2879
2885
2893
29
2903
2909
2940
2946
2969
2990
2992
3
30
3022
3039
3044
3068
3069
3080
3101
3142
3148
3152
3153
3177
3179
32
3203
3238
324
3240
3246
3285
33
3310
3335
34
3412
35
36
38
3940
4
403
4281
43
44
45
454
457
46
463
47
4771
48
4813
49
5
50
5208
5209
53
54
55
56
57
58
59
6
60
6044
6190
6213
6226
63
64
641
6477
648
65
650
6503
6504
6524
6572
6581
6582
66
665
6699
67
6700
6701
673
68
6811
6812
6821
6837
6839
6840
6865
69
6921
6929
6949
6950
6953
6954
6955
6956
7
70
74
75
76
77
79
8
80
81
82
86
87
88
882
885
89
891
90
907
909
914
919
92
924
926
933
94
947
95
96
1
1005
1006
1019
1035
108
109
11
1129
1177
12
1202
13
135
14
1443
1445
1466
1467
1475
15
1522
1524
1588
1591
1593
1594
1597
16
1604
1618
1683
17
177
178
179
18
180
181
1812
182
183
184
185
186
1865
187
188
189
19
190
191
192
194
195
196
197
198
199
2
20
2093
21
22
2238
2240
2241
2242
2243
2244
2245
2258
2260
2268
2270
2272
2274
2280
2284
23
2330
2332
2340
235
2363
2384
24
2432
2433
2447
2455
2469
2501
2503
2515
2583
2591
26
2614
2620
2625
2626
2627
2629
2631
2632
2635
2637
2640
2642
2643
2645
2646
2647
2655
2660
27
271
272
2721
2776
28
2804
2807
2812
2837
2854
2867
2871
2879
2885
2893
29
2903
2909
2940
2946
2969
2990
2992
3
30
3022
3039
3044
3068
3069
3080
3101
3142
3148
3152
3153
3177
3179
32
3203
3238
324
3240
3246
3285
33
3310
3335
34
3412
35
36
38
3940
4
403
4281
43
44
45
454
457
46
463
47
4771
48
49
5
50
5208
5209
53
54
55
56
57
58
59
6
60
6044
6213
6226
63
64
641
6477
648
65
650
6503
6504
6572
6581
6582
66
6699
67
6700
6701
673
68
6811
6812
6821
6837
6839
6840
6865
69
6921
6929
6949
6961
6962
6963
6966
6972
6973
6975
6977
6978
7
70
74
75
76
77
79
8
80
81
82
86
87
88
882
885
89
891
90
907
909
914
919
92
924
926
933
94
947
96
1
1005
1006
1019
1035
108
109
11
1129
1177
12
1202
13
135
14
1443
1445
1466
1467
1475
15
1522
1524
1588
1591
1593
1594
1597
16
1618
1683
17
177
178
179
18
180
181
1812
182
183
184
185
186
1865
187
188
189
19
190
191
192
194
195
196
197
198
199
2
20
2093
21
22
2238
2240
2241
2242
2243
2244
2245
2258
2260
2268
2270
2272
2274
2280
2284
23
2330
2332
2340
235
2363
2384
24
2432
2433
2447
2455
2469
2501
2503
2515
2583
2591
26
2614
2620
2625
2626
2627
2629
2631
2632
2635
2637
2640
2642
2643
2645
2646
2647
2655
2660
27
271
272
2721
2776
28
2804
2807
2812
2837
2854
2867
2871
2879
2885
2893
29
2903
2909
2940
2946
2969
2990
2992
3
30
3022
3039
3044
3068
3069
3080
3101
3142
3148
3152
3153
3177
3179
32
3203
3238
324
3240
3246
3285
33
3310
3335
34
3412
35
36
38
3940
4
403
4281
43
44
45
454
457
46
463
47
4771
48
49
5
50
5208
5209
53
54
55
56
57
58
59
6
60
6044
6213
6226
63
64
641
6477
648
65
650
6503
6504
6572
6582
66
67
68
6811
6812
6821
6837
6840
6865
69
6921
6929
6949
6961
6962
6963
6966
6982
6989
6992
6994
6995
6996
7
70
74
75
76
77
79
8
80
81
82
86
87
88
882
885
89
891
90
907
909
914
919
92
924
926
933
94
947
96
1
1005
1006
1019
1035
108
109
11
1129
1177
12
1202
13
135
14
1443
1445
1466
1467
1475
15
1522
1524
1588
1591
1593
1594
1597
16
1618
1683
17
177
178
179
18
180
181
1812
182
183
184
185
186
1865
187
188
189
19
190
191
192
194
195
196
197
198
199
2
20
2093
21
22
2238
2240
2241
2242
2243
2244
2245
2258
2260
2268
2270
2272
2274
2280
2284
23
2330
2332
2340
235
2363
2384
24
2432
2433
2447
2455
2469
2501
2503
2515
2583
2591
26
2614
2620
2625
2626
2627
2629
2631
2632
2635
2637
2640
2642
2643
2645
2646
2647
2655
2660
27
271
272
2721
2776
28
2804
2807
2812
2837
2854
2867
2871
2879
2885
2893
29
2903
2909
2940
2946
2969
2990
2992
3
30
3022
3039
3044
3068
3069
3080
3101
3142
3148
3152
3153
3177
3179
32
3203
3238
324
3240
3246
3285
33
3310
3335
34
3412
35
36
38
3940
4
403
4281
43
44
45
454
457
46
463
47
4771
48
49
5
50
5208
5209
53
54
55
56
57
58
59
6
60
6044
6213
6226
63
64
641
6477
648
65
650
6503
6504
6572
6582
66
67
68
6811
6812
6821
6837
6840
6865
69
6921
6929
6949
6961
6962
6963
6966
6982
7
70
7001
7007
7009
7012
7014
7015
7016
7017
7018
7023
7026
7029
7032
7033
7034
74
75
76
77
79
8
80
81
82
86
87
88
882
885
89
891
90
907
909
914
919
92
924
926
933
94
947
96
1
1005
1006
1019
1035
108
109
11
1129
1177
12
1202
13
135
14
1443
1445
1466
1467
1475
15
1522
1524
1588
1591
1593
1594
1597
16
1618
1683
17
177
178
179
18
180
181
1812
182
183
184
185
186
1865
187
188
189
19
190
191
192
194
195
196
197
198
199
2
20
2093
21
22
2238
2240
2241
2242
2243
2244
2245
2258
2260
2268
2270
2272
2274
2280
2284
23
2330
2332
2340
235
2363
2384
24
2432
2433
2447
2455
2469
2501
2503
2515
2583
2591
26
2614
2620
2625
2626
2627
2629
2631
2632
2635
2637
2640
2642
2643
2645
2646
2647
2655
2660
27
271
272
2721
2776
28
2804
2807
2812
2837
2854
2867
2871
2879
2885
2893
29
2903
2909
2940
2946
2969
2990
2992
3
30
3022
3039
3044
3068
3069
3080
3101
3142
3148
3152
3153
3177
3179
32
3203
3238
324
3240
3246
3285
33
3310
3335
34
3412
35
36
38
3940
4
403
43
44
45
454
457
46
463
47
4771
48
49
5
50
5208
5209
53
54
55
56
57
58
59
6
60
6044
6226
63
64
641
648
65
650
6503
6504
6572
6582
66
67
68
6811
6812
6821
6837
6840
6865
69
6921
6949
6961
6962
6963
7
70
7001
7007
7009
7012
7014
7015
7016
7017
7018
7023
7123
7125
7127
7128
7129
7130
74
75
76
77
79
8
80
81
82
86
87
88
882
885
89
891
90
907
909
914
919
92
924
926
933
94
947
96
1
1005
1006
1019
1035
108
109
11
1129
1177
12
1202
13
135
14
1443
1445
1466
1467
1475
15
1522
1524
1588
1591
1593
1594
1597
16
1618
1683
17
177
178
179
18
180
181
1812
182
183
184
185
186
1865
187
188
189
19
190
191
192
194
195
196
197
198
199
2
20
2093
21
22
2238
2240
2241
2242
2243
2244
2245
2258
2260
2268
2270
2272
2274
2280
2284
23
2330
2332
2340
235
2363
2384
24
2432
2433
2447
2455
2469
2501
2503
2515
2583
2591
26
2614
2620
2625
2626
2627
2629
2631
2632
2635
2637
2640
2642
2643
2645
2646
2647
2655
2660
27
271
272
2721
2776
28
2804
2807
2812
2837
2854
2867
2871
2879
2885
2893
29
2903
2909
2940
2946
2969
2990
2992
3
30
3022
3039
3044
3068
3069
3080
3101
3142
3148
3152
3153
3177
3179
32
3203
3238
324
3240
3246
3285
33
3310
3335
34
3412
35
36
38
3940
4
403
43
44
45
454
457
46
463
47
4771
48
49
5
50
5209
53
54
55
56
57
58
59
6
60
6044
6226
63
64
641
648
65
650
6503
6504
6572
6582
66
67
68
6811
6812
6821
6837
6840
6865
69
6921
6949
6961
6962
6963
7
70
7007
7009
7014
7015
7023
7123
7139
7143
7145
7148
7151
7152
7153
74
75
76
77
79
8
80
81
82
86
87
88
882
885
89
891
90
907
909
914
919
92
924
926
933
94
947
96
1
1005
1006
1019
1035
108
109
11
1129
1177
12
1202
13
135
14
1443
1445
1466
1467
1475
15
1522
1524
1588
1591
1593
1594
1597
16
1618
1683
17
177
178
179
18
180
181
1812
182
183
184
185
186
1865
187
188
189
19
190
191
192
194
195
196
197
198
199
2
20
2093
21
22
2238
2240
2241
2242
2243
2244
2245
2258
2260
2268
2270
2272
2274
2280
2284
23
2330
2332
2340
235
2363
2384
24
2432
2433
2447
2455
2469
2501
2503
2515
2583
2591
26
2614
2620
2625
2626
2627
2629
2631
2632
2635
2637
2640
2642
2643
2645
2646
2647
2655
2660
27
271
272
2721
2776
28
2804
2807
2812
2837
2854
2867
2871
2879
2885
2893
29
2903
2909
2940
2946
2969
2990
2992
3
30
3022
3039
3044
3068
3069
3080
3101
3142
3148
3152
3153
3177
3179
32
3203
3238
324
3240
3246
3285
33
3310
3335
34
3412
35
36
38
3940
4
403
43
44
45
454
457
46
463
47
4771
48
49
5
50
5209
53
54
55
56
57
58
59
6
60
6044
6226
63
64
641
648
65
650
6503
6504
6572
66
67
68
6811
6812
6821
6837
6840
6865
69
6921
6961
6962
6963
7
70
7007
7009
7014
7015
7023
7123
7139
7143
7161
7162
7174
7353
7369
7372
7373
7374
7375
74
75
76
77
79
8
80
81
82
86
87
88
882
885
89
891
90
907
909
914
919
92
924
926
933
94
947
96
1
1005
1006
1019
1035
108
109
11
1129
1177
12
1202
13
135
14
1443
1445
1466
1467
1475
15
1522
1524
1588
1591
1593
1594
1597
16
1618
1683
17
177
178
179
18
180
181
1812
182
183
184
185
186
1865
187
188
189
19
190
191
192
194
195
196
197
198
199
2
20
2093
21
22
2238
2240
2241
2242
2243
2244
2245
2258
2260
2268
2270
2272
2274
2280
2284
23
2330
2332
2340
235
2363
2384
24
2432
2433
2447
2455
2469
2501
2503
2515
2583
2591
26
2614
2620
2625
2626
2627
2629
2631
2632
2635
2637
2640
2642
2643
2645
2646
2647
2655
2660
27
271
272
2721
2776
28
2804
2807
2812
2837
2854
2867
2871
2879
2885
2893
29
2903
2909
2940
2946
2969
2990
2992
3
30
3022
3039
3044
3068
3069
3080
3101
3142
3148
3152
3153
3177
3179
32
3203
3238
324
3240
3246
3285
33
3310
3335
34
3412
35
36
38
3940
4
403
43
44
45
454
457
46
463
47
4771
48
49
5
50
5209
53
54
55
56
57
58
59
6
60
6044
6226
63
64
641
648
65
650
6503
6504
6572
66
67
68
6811
6812
6821
6837
6840
6865
69
6961
6962
6963
7
70
7007
7009
7014
7015
7023
7143
7161
7162
7174
7353
7380
74
75
7541
7542
76
77
7712
7713
7715
7889
7893
7894
7895
7896
7897
79
7903
7904
7908
7911
7912
7913
7914
8
80
81
82
86
87
88
882
885
89
891
90
907
909
914
919
92
924
926
933
94
947
96
1
10
1006
105
11
111
1115
1176
1177
12
13
137
14
15
1566
1568
1588
1590
16
1607
1639
164
1646
1651
1652
1654
1657
166
167
1676
17
1723
1725
1727
1728
1736
1745
1746
1748
1749
175
1750
1753
176
1763
1765
1768
177
1772
178
1786
1787
1788
1789
179
1790
1791
18
180
1805
181
182
1824
1827
184
185
1854
186
1869
187
188
19
190
191
192
194
1951
1958
196
1961
1963
1964
197
199
2
20
200
201
202
203
204
205
206
207
208
209
21
210
2131
2159
216
2160
2162
2163
2164
2171
2180
2189
22
2210
2229
2234
2238
2245
2246
2250
2261
2266
23
2321
236
2391
2392
24
2408
2410
2414
2473
2474
2476
2481
25
26
27
272
273
28
29
2987
2988
2989
2991
2992
2993
2994
2997
2998
2999
3
30
3002
31
32
325
33
34
348
35
36
37
38
389
39
4
40
406
407
408
41
42
423
43
44
45
46
47
48
487
49
5
50
51
510
517
52
53
54
55
56
57
58
59
6
60
61
62
63
64
65
66
664
67
68
69
690
694
695
697
699
7
70
700
701
708
718
72
727
728
73
739
74
75
76
766
768
77
78
783
785
79
792
799
8
80
81
815
82
824
83
84
85
86
87
870
88
89
892
9
90
904
91
915
92
94
95
96
97
98
989
99
1
10
1006
111
1115
1177
12
13
137
14
15
1566
1568
1588
1590
16
1607
1639
1646
1651
1652
1654
1657
1676
17
1723
1725
1727
1728
1736
1745
1746
1748
1749
175
1750
1753
176
1763
1765
1768
177
1772
178
1786
1787
1788
1789
179
1790
1791
18
180
1805
181
182
1824
1827
184
185
1854
186
1869
187
188
19
190
191
192
194
1951
1958
196
1961
1963
1964
197
199
2
20
200
201
203
205
206
207
21
210
2131
216
2160
2162
2163
2164
2171
2180
2189
22
2210
2229
2234
2238
2245
2246
2250
2261
2266
23
2321
236
2391
2392
24
2408
2410
2414
2473
2474
2476
2481
25
26
27
272
273
28
29
3
30
31
325
33
3309
3316
3319
3320
3323
34
3485
3486
3487
3491
35
3504
3510
3527
3535
36
37
3878
389
4
40
406
407
408
4161
4163
4164
4165
4167
4168
4170
4171
4172
423
43
44
45
46
47
48
487
49
5
50
510
517
53
54
55
56
57
58
59
6
60
62
63
64
65
66
664
67
68
695
697
699
7
70
700
708
72
727
728
73
739
74
75
76
766
768
77
78
783
785
79
792
799
8
80
81
815
82
824
83
87
870
88
89
892
9
90
904
915
92
94
95
96
97
98
989
1
10
1006
111
1115
12
13
14
15
1566
1568
1588
1590
16
1607
1646
1651
1652
1654
1657
1676
17
1723
1725
1727
1728
1736
1745
1746
1748
1749
175
1750
1753
176
1763
1765
1768
177
1772
178
1786
1787
1788
1789
179
1790
1791
18
180
1805
181
182
1824
1827
184
185
1854
186
1869
187
188
19
190
191
192
194
1951
1958
196
1961
1963
1964
197
199
2
20
200
201
203
205
207
21
2131
2160
2162
2163
2164
2171
2180
2189
22
2210
2229
2234
2238
2245
2246
2250
2261
2266
23
2321
236
2391
2392
24
2408
2410
2414
2473
2474
2476
2481
25
26
27
272
273
28
29
3
30
325
33
3309
3316
3319
3320
3323
34
3486
3487
35
3504
3510
3527
3535
36
37
3878
389
4
40
406
407
4161
43
44
4493
45
46
4653
47
48
4819
4820
4821
487
49
5
50
5064
5065
5066
5067
5068
5069
5070
5071
5072
5073
5074
510
517
53
54
55
56
57
58
59
6
60
62
63
64
65
66
664
67
68
695
697
699
7
70
700
708
727
728
73
739
74
75
766
768
77
78
783
785
79
792
799
8
80
81
815
82
824
83
87
870
88
89
892
90
904
915
92
94
96
97
98
989
1
10
1006
111
1115
12
13
14
15
1566
1568
1588
1590
16
1607
1646
1651
1652
1654
1657
1676
17
1723
1725
1727
1728
1736
1745
1746
1748
1749
175
1750
1753
176
1763
1765
1768
177
1772
178
1786
1787
1788
1789
179
1790
1791
18
180
1805
181
182
1824
1827
184
185
1854
186
1869
187
188
19
190
191
192
194
1951
1958
196
1961
1963
1964
197
199
2
20
200
201
203
205
207
21
2131
2160
2162
2163
2164
2171
2180
2189
22
2210
2229
2234
2238
2245
2246
2250
2261
2266
23
2321
236
2391
2392
24
2408
2410
2414
2473
2474
2476
2481
25
26
27
272
273
28
29
3
30
325
33
3309
3316
3323
34
3486
3487
35
3510
3527
3535
36
37
3878
389
4
40
406
4161
43
44
4493
45
46
4653
47
48
4819
4820
4821
487
49
5
50
5064
510
517
5231
5237
5238
53
54
55
56
57
58
5878
5879
5881
5882
5884
5885
5886
5887
5888
5889
59
6
60
62
63
64
65
66
664
67
68
697
699
7
70
700
708
727
728
73
739
74
75
766
768
77
78
783
785
79
792
799
8
80
81
815
82
824
83
87
870
89
892
90
904
915
92
94
96
97
98
989
1
10
1006
111
1115
12
13
14
15
1566
1568
1588
1590
16
1607
1646
1651
1652
1654
1657
1676
17
1723
1725
1727
1728
1736
1745
1746
1748
1749
175
1750
1753
176
1763
1765
1768
177
1772
178
1786
1787
1788
1789
179
1790
1791
18
180
1805
181
182
1824
1827
184
185
1854
186
1869
187
188
19
190
191
192
194
1951
1958
196
1961
1963
1964
197
199
2
20
200
201
203
207
21
2131
2160
2162
2163
2164
2171
2180
2189
22
2210
2229
2234
2238
2245
2246
2250
2261
2266
23
2321
236
2391
2392
24
2408
2410
2414
2473
2474
2476
2481
25
26
27
272
273
28
29
3
30
325
33
3309
3316
3323
34
3486
3487
35
3510
3527
3535
36
37
3878
4
40
406
43
44
4493
45
46
4653
47
48
4819
4821
487
49
5
50
5064
510
517
5231
5237
5238
53
54
55
56
57
58
59
6
60
6047
6080
62
6209
63
64
65
66
664
6688
6689
6690
6691
6692
6693
6694
6695
6698
6699
67
6700
6701
6702
68
697
699
7
70
700
708
727
728
73
739
74
75
766
768
77
78
783
785
79
792
799
8
80
81
815
82
824
83
87
870
89
892
90
904
915
92
94
96
97
98
989
1
10
1006
111
1115
12
13
14
15
1566
1568
1588
1590
16
1607
1646
1651
1652
1654
1657
17
1723
1725
1736
175
176
1763
177
178
1787
1788
1789
179
1790
1791
18
180
181
182
184
185
1854
186
1869
187
188
19
190
191
192
194
196
1964
197
199
2
20
200
201
203
207
21
2160
22
23
236
24
2473
2474
25
27
272
273
28
29
3
30
325
33
3309
3316
3323
34
3486
3487
35
3510
3527
36
37
3878
4
40
406
43
44
4493
45
46
4653
47
48
4819
4821
487
49
5
50
5064
510
517
5231
5237
53
54
55
56
57
58
59
6
60
6047
6080
62
6209
63
64
65
66
664
6688
6689
67
68
6858
6859
6860
6861
6873
6884
6889
6892
6901
6904
6910
6913
6917
6918
6961
6965
697
6974
699
6992
7
70
700
7019
7054
7055
7069
7072
708
7081
7087
7093
7095
7124
7126
7141
7206
7221
7229
7238
7243
7255
7260
7262
7264
727
7270
7274
7275
7276
7277
7278
728
7281
7282
7283
7284
7287
7292
73
7319
739
74
7417
7425
7457
7461
7465
7485
7489
7492
75
7508
7514
7521
7530
7532
7545
7570
7591
7610
7611
766
7679
768
7696
77
7706
7722
7736
7745
78
783
785
7857
79
792
7921
7922
7923
7967
7969
7972
799
8
80
8026
8083
81
8109
8111
8117
8124
8131
815
8151
8176
8197
82
824
83
8395
8567
87
870
8728
8729
8730
8732
8733
8735
8736
8737
8738
8739
89
892
90
904
915
92
94
96
97
98
989
1
10
1006
111
1115
12
13
14
15
1566
1568
1588
1590
16
1607
1646
1651
1652
1654
1657
17
1723
1725
1736
175
176
1763
177
178
1787
1788
1789
179
1790
1791
18
180
181
182
184
185
1854
186
1869
187
188
19
190
191
192
194
196
1964
197
199
2
20
200
201
203
207
21
2160
22
23
236
24
2473
2474
27
272
273
28
29
3
30
325
33
3316
3323
34
3486
3487
35
36
37
3878
4
406
43
44
4493
45
46
4653
47
48
4821
487
49
5
50
5064
510
517
5237
53
54
55
56
57
58
59
6
60
62
6209
63
64
65
66
664
6688
6689
67
68
6858
6860
6861
6873
6884
6889
6892
6901
6904
6910
6913
6917
6918
6961
6965
697
6974
699
6992
7
70
700
7019
7054
7055
7069
7072
708
7081
7087
7095
7124
7126
7141
7206
7221
7229
7243
7255
7260
7262
7264
727
7270
7274
7275
7276
7277
7278
728
7281
7282
7283
7284
7287
7292
73
7319
739
74
7417
7425
7457
7461
7465
7485
7489
7492
75
7508
7514
7521
7530
7532
7545
7570
7591
7610
7611
766
7679
768
7696
77
7706
7722
7736
7745
78
783
785
7857
79
792
7921
7922
7923
7967
7969
7972
799
8
80
8026
8083
81
8109
8111
8117
8124
8131
815
8176
8197
82
824
83
8395
87
870
89
892
90
904
9059
9060
915
92
9220
9380
9381
9382
9383
94
9574
9576
9577
9578
9579
9581
9582
9583
9584
9585
9586
9589
9590
96
97
98
989
1
1006
10790
10794
111
1115
11508
11509
11511
11512
11514
11515
11518
11519
11520
11521
11522
11523
12
13
14
15
1566
1568
1588
1590
16
1607
1646
1651
1652
1654
1657
17
1723
1725
1736
175
176
1763
177
178
1787
1788
1789
179
1790
1791
18
180
181
182
184
185
1854
186
1869
187
188
19
190
191
192
194
196
1964
197
199
2
20
200
201
207
21
2160
22
23
236
24
2473
27
272
273
28
29
3
30
325
33
3316
3323
34
3486
3487
35
36
37
3878
4
406
43
44
45
46
4653
47
48
4821
487
49
5
50
5064
510
517
5237
53
54
55
56
57
58
59
6
60
62
63
64
65
66
664
6689
67
68
6860
6861
6873
6884
6889
6901
6904
6910
6913
6917
6918
6961
6965
697
6974
699
6992
7
70
700
7019
7054
7055
7069
7072
708
7081
7087
7095
7124
7126
7141
7206
7221
7229
7243
7255
7260
7262
7264
727
7270
7274
7275
7276
7277
7278
728
7281
7282
7283
7284
7287
7292
73
7319
739
74
7417
7425
7457
7461
7465
7485
7489
7492
75
7508
7514
7521
7530
7532
7545
7570
7591
7610
7611
766
7679
768
7696
77
7706
7722
7736
7745
78
783
785
7857
79
792
7921
7922
7923
7967
7969
7972
799
8
80
8026
8083
81
8109
8111
8117
8124
8131
815
8176
8197
82
824
83
8395
87
870
89
892
90
904
9059
9060
915
92
9220
9381
9382
9383
94
9574
9576
96
97
98
989
1
1006
10790
10794
111
1115
11836
11840
12
12161
13
14
15
15039
15055
15070
15088
15089
15090
15091
15092
15093
15094
15095
15096
15097
15098
1566
1568
1588
1590
16
1607
1646
1651
1652
1654
1657
17
1723
1725
1736
175
176
1763
177
178
1787
1788
1789
179
1790
1791
18
180
181
182
184
185
1854
186
1869
187
188
19
190
191
192
194
196
1964
197
199
2
20
200
201
207
21
2160
22
23
236
24
2473
27
272
273
28
29
3
30
325
33
3316
3323
34
3486
3487
35
36
37
3878
4
406
43
44
45
46
4653
47
48
4821
487
49
5
50
5064
510
517
5237
53
54
55
56
57
58
59
6
60
62
63
64
65
66
664
6689
67
68
6860
6861
6873
6884
6889
6901
6904
6910
6913
6917
6918
6961
6965
697
6974
699
6992
7
70
700
7019
7054
7055
7069
7072
708
7081
7087
7095
7124
7126
7141
7206
7221
7229
7243
7255
7260
7262
7264
727
7270
7274
7275
7276
7277
7278
728
7281
7282
7283
7284
7287
7292
73
7319
739
74
7417
7425
7457
7461
7465
7485
7489
7492
75
7508
7514
7521
7530
7532
7545
7570
7591
7610
7611
766
7679
768
7696
77
7706
7722
7736
7745
78
783
785
7857
79
792
7921
7922
7923
7967
7969
7972
799
8
80
8026
8083
81
8109
8111
8117
8124
8131
815
8176
8197
82
824
83
8395
87
870
89
892
90
904
9059
9060
915
92
9381
9383
94
9574
9576
96
97
98
989
1
1006
10790
10794
111
1115
11836
11840
12
12161
13
14
15
15039
15055
15070
15088
1566
1568
1588
1590
16
1607
16342
16343
16344
1646
1651
1652
1654
1657
17
1723
1725
1736
175
176
1763
177
178
1787
1788
1789
179
1790
1791
18
180
181
182
184
185
1854
186
1869
187
188
19
190
191
192
194
196
1964
197
19882
199
19926
19992
19993
19994
19996
19997
19998
19999
2
20
200
20001
20002
20004
20005
20006
20007
201
207
21
2160
22
23
236
24
2473
27
272
273
28
29
3
30
325
33
3316
3323
34
3486
3487
35
36
37
3878
4
406
43
44
45
46
4653
47
48
4821
487
49
5
50
5064
510
517
5237
53
54
55
56
57
58
59
6
60
62
63
64
65
66
664
6689
67
68
6860
6861
6873
6884
6889
6901
6904
6910
6913
6917
6918
6961
6965
697
6974
699
6992
7
70
700
7019
7054
7055
7069
7072
708
7081
7087
7095
7124
7126
7141
7206
7221
7229
7243
7255
7260
7262
7264
727
7270
7274
7275
7276
7277
7278
728
7281
7282
7283
7284
7287
7292
73
7319
739
74
7417
7425
7457
7461
7465
7485
7489
7492
75
7508
7514
7521
7530
7532
7545
7570
7591
7610
7611
766
7679
768
7696
7706
7722
7736
7745
78
783
785
7857
79
792
7921
7922
7923
7967
7969
7972
799
8
80
8026
8083
81
8109
8111
8117
8124
8131
815
8176
8197
82
824
83
8395
87
870
89
892
90
904
9059
9060
915
92
9381
94
9574
9576
96
97
98
989
1
1006
10790
10794
111
1115
11840
12
12161
13
14
15
15039
15070
15088
1566
1568
1588
1590
16
1607
16342
16343
16344
1646
1651
1652
1654
1657
17
1723
1725
1736
175
176
1763
177
178
1787
1788
1789
179
1790
1791
18
180
181
182
184
185
1854
186
1869
187
188
19
190
191
192
194
196
1964
197
19882
199
19926
2
20
200
201
207
21
2160
21643
21644
21825
21837
22
22018
22184
22185
22188
22295
22318
22412
22440
22442
22453
22526
22538
22539
22563
22588
22589
22590
22591
22592
22593
22594
23
236
24
2473
27
272
273
28
29
3
30
325
33
3316
3323
34
3486
3487
35
36
3878
4
406
43
44
45
46
4653
47
48
4821
487
49
5
50
510
517
5237
53
54
55
56
57
58
59
6
60
62
63
64
65
66
664
6689
67
68
6860
6861
6873
6884
6889
6901
6904
6910
6913
6917
6918
6961
6965
697
6974
699
6992
7
70
700
7019
7054
7055
7069
7072
708
7081
7087
7095
7124
7126
7141
7206
7221
7229
7243
7255
7260
7262
7264
727
7270
7274
7275
7276
7277
7278
728
7281
7282
7283
7284
7287
7292
73
7319
739
74
7417
7425
7457
7461
7465
7485
7489
7492
75
7508
7514
7521
7530
7532
7545
7570
7591
7610
7611
766
7679
768
7696
7706
7722
7736
7745
78
783
785
7857
79
792
7921
7922
7923
7967
7969
7972
799
8
80
8026
8083
81
8109
8111
8117
8124
815
8176
8197
82
824
83
8395
87
870
89
892
90
904
9060
915
92
9381
94
9574
9576
96
97
98
989
1
1006
10790
10794
111
1115
11840
12
13
14
15
15039
15070
15088
1566
1568
1588
1590
16
1607
1646
1651
1652
1654
1657
17
1723
1725
1736
175
176
1763
177
178
1787
1788
1789
179
1790
1791
18
180
181
182
184
185
1854
186
1869
187
188
19
190
191
192
194
196
1964
197
199
19926
2
20
200
201
207
21
2160
21643
21644
21825
21837
22
22018
22184
22185
22188
22295
22412
22442
22453
22768
22859
22884
22888
22897
22940
23
23139
23208
23305
23471
23473
23482
236
23708
24
24070
24233
24234
24444
24446
24447
24448
24450
24451
24453
24455
24457
24458
24460
24461
2473
27
272
273
28
29
3
30
325
33
3323
34
3486
3487
35
36
3878
4
406
43
44
45
46
4653
47
48
4821
487
49
5
50
510
517
5237
53
54
55
56
57
58
59
6
60
62
63
64
65
66
664
6689
67
68
6860
6873
6884
6889
6901
6904
6910
6913
6917
6918
6961
6965
697
6974
699
6992
7
70
700
7019
7054
7055
7069
708
7081
7087
7095
7124
7126
7141
7206
7221
7229
7243
7255
7260
7262
7264
727
7270
7274
7275
7276
7277
7278
728
7281
7282
7283
7284
7287
7292
73
7319
739
74
7417
7425
7457
7461
7465
7485
7489
7492
75
7508
7514
7521
7530
7532
7545
7570
7591
7610
7611
766
7679
768
7696
7706
7722
7736
7745
78
783
785
7857
79
792
7921
7922
7923
7967
7969
7972
799
8
80
8026
8083
81
8109
8111
8117
8124
815
8176
8197
82
824
83
8395
87
870
89
892
90
904
9060
915
92
9381
94
9574
9576
96
97
98
989
1
1006
10790
10794
111
1115
11840
12
13
14
15
15039
15070
15088
1566
1568
1588
1590
16
1607
1646
1651
1652
1654
1657
17
1723
1725
1736
175
176
1763
177
178
1787
1788
1789
179
1790
1791
18
180
181
182
184
185
1854
186
1869
187
188
19
190
191
192
194
196
1964
197
199
19926
2
20
200
201
207
21
2160
21644
21825
21837
22
22018
22184
22185
22188
22295
22412
22442
22453
22768
22859
22884
22888
22897
22940
23
23139
23208
23305
23471
23473
23482
236
24
24233
24234
24444
24621
24637
24643
24645
2473
25023
25227
25394
25395
25396
25400
25401
25402
25403
25404
25405
25406
25407
25408
25412
25413
27
272
273
28
29
3
30
325
33
3323
34
3487
35
36
3878
4
406
43
44
45
46
4653
47
48
4821
487
49
5
50
510
517
53
54
55
56
57
58
59
6
60
62
63
64
65
66
664
6689
67
68
6860
6873
6884
6889
6901
6904
6910
6913
6917
6918
6961
6965
697
6974
699
6992
7
70
700
7019
7054
7055
7069
708
7081
7087
7095
7124
7126
7141
7206
7221
7229
7243
7255
7260
7262
7264
727
7270
7274
7275
7276
7277
7278
728
7281
7282
7283
7284
7287
7292
73
7319
739
74
7417
7425
7457
7461
7465
7485
7489
7492
75
7508
7514
7521
7530
7532
7545
7570
7591
7610
7611
766
7679
768
7696
7706
7722
7736
7745
78
783
785
7857
79
792
7921
7922
7923
7967
7969
7972
799
8
80
8026
8083
81
8109
8111
8117
8124
815
8176
8197
82
824
83
87
870
89
892
90
904
9060
915
92
94
9574
9576
96
97
98
989
1
1006
10790
10794
111
1115
11840
12
13
14
15
15039
15070
15088
1566
1568
1588
1590
16
1607
1646
1651
1652
1654
1657
17
1723
1725
1736
175
176
1763
177
178
1787
1788
1789
179
1790
1791
18
180
181
182
184
185
1854
186
1869
187
188
19
190
191
192
194
196
1964
197
199
19926
2
20
200
201
21
2160
21825
21837
22
22185
22188
22295
22412
22442
22453
22768
22859
22884
22888
22897
22940
23
23139
23208
23305
23471
23473
23482
236
24
24234
24444
24621
24643
24645
2473
25023
25227
25400
25572
25871
26382
26383
26385
26386
26387
26388
26391
26392
26393
26394
26395
26396
27
272
273
28
29
3
30
325
33
3323
34
3487
35
36
3878
4
406
43
44
45
46
4653
47
48
4821
487
49
5
50
510
517
53
54
55
56
57
58
59
6
60
62
63
64
65
66
664
6689
67
68
6860
6873
6884
6889
6901
6904
6910
6913
6917
6918
6961
6965
697
6974
699
6992
7
70
700
7019
7054
7055
7069
708
7081
7087
7095
7124
7126
7141
7206
7221
7229
7243
7255
7260
7262
7264
727
7270
7274
7275
7276
7277
7278
728
7281
7282
7283
7284
7287
7292
73
7319
739
74
7417
7425
7457
7461
7465
7485
7489
7492
75
7508
7514
7521
7530
7532
7545
7570
7591
7610
7611
766
7679
768
7696
7706
7722
7736
7745
78
783
785
7857
79
792
7921
7922
7923
7967
7969
7972
799
8
80
8026
8083
81
8109
8111
8117
8124
815
8176
8197
82
824
83
87
870
89
892
90
904
9060
915
92
94
9576
96
97
98
989
1
1006
10790
10794
111
1115
11840
12
13
14
15
15039
15070
1566
1568
1588
1590
16
1607
1646
1651
1652
1654
1657
17
1723
1725
1736
175
176
1763
177
178
1787
1788
1789
179
1790
1791
18
180
181
182
184
185
1854
186
1869
187
188
19
190
191
192
194
196
1964
197
199
19926
2
20
200
201
21
2160
21825
21837
22
22185
22188
22295
22412
22442
22453
22768
22859
22884
22888
22897
22940
23
23139
23305
23471
23473
23482
236
24
24234
24444
24621
24643
24645
2473
25023
25227
25400
25871
26382
26383
26553
26557
27
27051
27055
272
27256
27299
273
27301
27304
27305
27306
27307
27308
27309
27310
27311
27312
27313
27314
27315
28
29
3
30
325
33
3323
34
3487
35
36
3878
4
406
43
44
45
46
4653
47
48
4821
487
49
5
50
510
517
53
54
55
56
57
58
59
6
60
62
63
64
65
66
664
6689
67
68
6860
6873
6884
6889
6901
6904
6910
6913
6917
6918
6961
6965
697
6974
699
6992
7
70
700
7019
7054
7055
7069
708
7081
7087
7095
7124
7126
7141
7206
7221
7229
7243
7255
7260
7262
7264
727
7270
7274
7275
7276
7277
7278
728
7281
7282
7283
7284
7287
7292
73
7319
739
74
7417
7425
7457
7461
7465
7485
7489
7492
75
7508
7514
7521
7530
7532
7545
7570
7591
7610
7611
766
7679
768
7696
7706
7722
7736
7745
78
783
785
7857
792
7921
7922
7923
7967
7969
7972
799
8
80
8026
8083
81
8109
8111
8117
8124
815
8176
8197
82
824
83
87
870
89
892
90
904
9060
915
92
94
9576
96
97
98
989
1
1006
10794
111
1115
11840
12
13
14
15
15039
15070
1566
1568
1588
1590
16
1607
1646
1651
1652
1654
1657
17
1723
1725
1736
175
176
1763
177
178
1787
1788
1789
179
1790
1791
18
180
181
182
184
185
1854
186
1869
187
188
19
190
191
192
194
196
1964
197
199
19926
2
20
200
201
21
2160
21825
22
22185
22188
22295
22412
22442
22453
22768
22859
22884
22888
22897
22940
23
23139
23305
23471
23473
23482
236
24
24234
24444
24621
24643
24645
2473
25023
25227
25871
26382
26383
26553
26557
27
27055
272
27256
27299
273
27301
27304
27305
27475
27803
27954
28
28127
28131
28132
28133
28134
28135
28136
28137
28138
28139
28140
28141
28142
28143
28144
29
3
30
325
33
3323
34
35
36
3878
4
406
43
44
45
46
4653
47
48
487
49
5
50
510
517
53
54
55
56
57
58
59
6
60
62
63
64
65
66
664
67
68
6860
6873
6884
6889
6901
6904
6910
6913
6917
6918
6961
6965
6974
699
6992
7
70
700
7019
7054
7055
7069
708
7081
7087
7124
7126
7141
7206
7221
7229
7243
7255
7260
7262
7264
727
7270
7274
7275
7276
7277
7278
728
7281
7282
7283
7284
7287
7292
73
7319
739
74
7417
7425
7457
7461
7465
7485
7489
7492
75
7508
7514
7521
7530
7532
7545
7570
7591
7610
7611
766
7679
768
7696
7706
7722
7736
7745
78
783
785
7857
792
7921
7922
7923
7967
7969
7972
799
8
80
8026
8083
81
8109
8111
8117
8124
815
8197
82
824
83
87
870
89
892
90
904
915
92
94
9576
96
97
98
989
1
1006
10794
111
1115
11840
12
13
14
15
15039
15070
1566
1568
1588
1590
16
1607
1646
1651
1652
1654
1657
17
1723
1725
1736
175
176
1763
177
178
1787
1788
1789
179
1790
1791
18
180
181
182
184
185
1854
186
1869
187
188
19
190
191
192
194
196
1964
197
199
19926
2
20
200
201
21
2160
21825
22
22185
22188
22295
22412
22442
22453
22768
22859
22884
22888
22897
22940
23
23139
23305
23471
23473
23482
236
24
24234
24444
24621
24643
24645
2473
25023
25227
26382
26383
26553
27
27055
272
27256
27299
273
27301
27304
27305
27803
27954
28
28127
28131
28302
28959
28960
28961
28962
28963
28964
28967
28968
28969
28971
28972
29
3
30
325
33
3323
34
35
36
3878
4
406
43
44
45
46
4653
47
48
487
49
5
50
510
517
53
54
55
56
57
58
59
6
60
62
63
64
65
66
664
67
68
6860
6873
6884
6889
6901
6904
6910
6913
6917
6918
6961
6965
6974
699
6992
7
70
700
7019
7054
7055
7069
708
7081
7087
7124
7126
7141
7206
7221
7229
7243
7255
7260
7262
7264
727
7270
7274
7275
7276
7277
7278
728
7281
7282
7283
7284
7287
7292
73
7319
739
74
7417
7425
7457
7461
7465
7485
7489
7492
75
7508
7514
7521
7530
7532
7545
7570
7591
7610
7611
766
7679
768
7696
7706
7722
7736
7745
78
783
785
7857
792
7921
7922
7923
7967
7969
7972
799
8
80
8026
8083
81
8109
8111
8117
8124
815
8197
82
824
83
87
870
89
892
90
904
915
92
94
9576
96
97
98
989
1
1006
10794
111
1115
11840
12
13
14
15
15039
15070
1566
1568
1588
1590
16
1607
1646
1651
1652
1654
1657
17
1723
1725
1736
175
176
1763
177
178
1787
1788
1789
179
1790
1791
18
180
181
182
184
185
1854
186
1869
187
188
19
190
191
192
194
196
1964
197
199
19926
2
20
200
201
21
2160
21825
22
22185
22188
22295
22412
22442
22453
22768
22859
22884
22888
22897
22940
23
23139
23305
23471
23473
23482
236
24
24234
24444
24621
24643
24645
2473
25023
25227
26382
26383
26553
27
272
27256
27299
273
27301
27305
27803
27954
28
28127
28131
29
29087
29128
29133
29134
29135
29136
29139
29632
29794
29795
29796
29797
29799
29800
29802
29803
29806
29808
29809
3
30
325
33
3323
34
35
36
3878
4
406
43
44
45
46
4653
47
48
487
49
5
50
510
517
53
54
55
56
57
58
59
6
60
62
63
64
65
66
664
67
68
6860
6873
6884
6889
6901
6904
6910
6913
6917
6918
6961
6965
6974
699
6992
7
70
700
7019
7054
7055
7069
708
7081
7087
7124
7126
7141
7206
7221
7229
7243
7255
7260
7262
7264
727
7270
7274
7275
7276
7277
7278
728
7281
7282
7283
7284
7287
7292
73
7319
739
74
7417
7425
7457
7461
7465
7485
7489
7492
75
7508
7514
7521
7530
7532
7545
7570
7591
7610
7611
766
7679
768
7696
7706
7722
7736
7745
78
783
785
7857
792
7921
7922
7923
7967
7969
7972
799
8
80
8026
8083
81
8109
8111
8117
8124
815
8197
82
824
83
87
870
89
892
90
904
915
92
94
9576
96
97
98
989
1
1006
111
1115
11840
12
13
14
15
15039
15070
1566
1568
1588
1590
16
1607
1646
1651
1652
1654
1657
17
1723
1725
1736
175
176
1763
177
178
1787
1788
1789
179
1790
1791
18
180
181
182
184
185
1854
186
1869
187
188
19
190
191
192
194
196
1964
197
199
19926
2
20
200
201
21
2160
21825
22
22185
22188
22295
22412
22442
22453
22768
22859
22884
22888
22897
22940
23
23139
23305
23471
23473
23482
236
24
24444
24621
24643
24645
2473
25023
25227
26382
27
272
27256
27299
273
27301
27803
27954
28
28131
29
29087
29128
29134
29135
29136
29139
29632
29963
3
30
30606
30607
30608
30609
30610
30611
30612
30614
30615
325
33
3323
34
35
36
3878
4
406
43
44
45
46
4653
47
48
487
49
5
50
510
517
53
54
55
56
57
58
59
6
60
62
63
64
65
66
664
67
68
6860
6873
6884
6889
6901
6904
6910
6913
6917
6918
6961
6965
6974
699
6992
7
70
700
7019
7054
7055
7069
708
7081
7087
7124
7126
7141
7206
7221
7229
7243
7255
7260
7262
7264
727
7270
7274
7275
7276
7277
7278
728
7281
7282
7283
7284
7287
7292
73
7319
739
74
7417
7425
7457
7461
7465
7485
7489
7492
75
7508
7514
7521
7530
7532
7545
7570
7591
7610
7611
766
7679
768
7696
7706
7722
7736
7745
78
783
785
7857
792
7921
7922
7923
7967
7969
7972
799
8
80
8026
8083
81
8109
8111
8117
8124
815
8197
82
824
83
87
870
89
892
90
904
915
92
94
9576
96
97
98
989
1
1006
111
1115
11840
12
13
14
15
15039
15070
1566
1568
1588
1590
16
1607
1646
1651
1652
1654
1657
17
1723
1725
1736
175
176
1763
177
178
1787
1788
1789
179
1790
1791
18
180
181
182
184
185
1854
186
1869
187
188
19
190
191
192
194
196
1964
197
199
19926
2
20
200
201
21
2160
21825
22
22185
22188
22295
22412
22442
22453
22768
22859
22884
22888
22897
22940
23
23139
23305
23471
23473
23482
236
24
24444
24621
24643
24645
2473
25023
25227
26382
27
272
27299
273
27301
27803
27954
28
28131
29
29087
29128
29134
29135
29136
29139
29632
29963
3
30
30640
30776
30777
30778
30779
30780
31357
31425
31426
31427
31428
31429
31430
31432
31433
31434
31435
31436
325
33
3323
34
35
36
3878
4
406
43
44
45
46
4653
47
48
487
49
5
50
510
517
53
54
55
56
57
58
59
6
60
62
63
64
65
66
664
67
68
6860
6873
6884
6889
6901
6904
6910
6913
6917
6918
6961
6965
6974
699
6992
7
70
700
7019
7054
7055
7069
708
7081
7087
7124
7126
7141
7206
7221
7229
7243
7255
7260
7262
7264
727
7270
7274
7275
7276
7277
7278
728
7281
7282
7283
7284
7287
7292
73
7319
739
74
7417
7425
7457
7461
7465
7485
7489
7492
75
7508
7514
7521
7530
7532
7545
7570
7591
7610
7611
766
7679
768
7696
7706
7722
7736
7745
78
783
785
7857
792
7921
7922
7923
7967
7969
7972
799
8
80
8026
8083
81
8109
8111
8117
8124
815
8197
82
824
83
87
870
89
892
90
904
915
92
94
9576
96
97
98
989
1
1006
111
1115
11840
12
13
14
15
15070
1566
1568
1588
1590
16
1607
1646
1651
1652
1654
1657
17
1723
1725
1736
175
176
1763
177
178
1787
1788
1789
179
1790
1791
18
180
181
182
184
185
1854
186
1869
187
188
19
190
191
192
194
196
1964
197
199
19926
2
20
200
201
21
2160
21825
22
22185
22188
22295
22412
22442
22453
22768
22859
22884
22888
22897
22940
23
23305
23471
23473
23482
236
24
24444
24643
24645
2473
25023
25227
26382
27
272
27299
273
27301
27803
27954
28
28131
29
29135
29136
29139
29632
29963
3
30
30640
30776
30777
30778
30779
30780
31357
31595
31917
32250
32264
32334
32335
32336
32337
32338
32339
32340
32341
32342
32343
325
33
3323
34
35
36
3878
4
406
43
44
45
46
4653
47
48
487
49
5
50
510
517
53
54
55
56
57
58
59
6
60
62
63
64
65
66
67
68
6860
6873
6884
6889
6901
6904
6910
6913
6917
6918
6961
6965
6974
699
6992
7
70
700
7019
7054
7055
7069
708
7081
7087
7124
7126
7141
7206
7221
7229
7243
7255
7260
7262
7264
727
7270
7274
7275
7276
7277
7278
728
7281
7282
7283
7284
7287
7292
73
7319
739
74
7417
7425
7457
7461
7465
7485
7489
7492
75
7508
7514
7521
7530
7532
7545
7570
7591
7610
7611
766
7679
768
7696
7706
7722
7736
7745
78
783
785
7857
792
7921
7922
7923
7967
7969
7972
799
8
80
8026
8083
81
8109
8111
8117
8124
815
8197
82
824
83
87
870
89
892
90
904
915
92
94
9576
96
97
98
989
1
1006
111
1115
11840
12
13
14
15
15070
1566
1568
1588
1590
16
1607
1646
1651
1652
1654
1657
17
1723
1725
1736
175
176
1763
177
178
1787
1788
1789
179
1790
1791
18
180
181
182
184
185
1854
186
1869
187
188
19
190
191
192
194
196
1964
197
199
19926
2
20
200
201
21
2160
21825
22
22185
22188
22295
22412
22442
22453
22768
22859
22884
22888
22897
22940
23
23305
23471
23473
23482
236
24
24444
24643
24645
2473
25023
25227
26382
27
272
27299
273
27301
27803
27954
28
28131
29
29136
29139
29632
29963
3
30
30777
30778
30779
30780
31357
31595
31917
32250
32264
325
32506
32507
32668
32989
33
33151
33153
33154
33156
33157
33158
33159
33163
33164
33165
33167
33168
3323
34
35
36
3878
4
406
43
44
45
46
4653
47
48
487
49
5
50
510
517
53
54
55
56
57
58
59
6
60
62
63
64
65
66
67
68
6860
6873
6884
6889
6901
6904
6910
6913
6917
6918
6961
6965
6974
699
6992
7
70
700
7019
7054
7055
7069
708
7081
7087
7124
7126
7141
7206
7221
7229
7243
7255
7260
7262
7264
727
7270
7274
7275
7276
7277
7278
728
7281
7282
7283
7284
7287
7292
73
7319
739
74
7417
7425
7457
7461
7465
7485
7489
7492
75
7508
7514
7521
7530
7532
7545
7570
7591
7610
7611
766
7679
768
7696
7706
7722
7736
7745
78
783
785
7857
792
7921
7922
7923
7967
7969
7972
799
8
80
8026
8083
81
8109
8111
8117
8124
815
8197
82
824
83
87
870
89
892
90
904
915
92
94
96
97
98
989
1
1006
111
1115
11840
12
13
14
15
15070
1566
1568
1588
1590
16
1607
1646
1651
1652
1654
1657
17
1723
1725
1736
175
176
1763
177
178
1787
1788
1789
179
1790
1791
18
180
181
182
184
185
1854
186
1869
187
188
19
190
191
192
194
196
1964
197
199
19926
2
20
200
201
21
2160
21825
22
22185
22188
22295
22412
22442
22453
22768
22859
22884
22888
22897
22940
23
23305
23471
23473
23482
236
24
24643
24645
2473
25023
25227
26382
27
272
27299
273
27301
27803
27954
28
28131
29
29136
29139
29632
29963
3
30
30777
30779
30780
31357
31595
32250
32264
325
32507
32668
32989
33
33151
3323
33323
33483
33968
33969
33970
33971
33972
33973
33974
33977
33978
33979
33980
33981
33982
34
35
36
3878
4
406
43
44
45
46
4653
47
48
487
49
5
50
510
517
53
54
55
56
57
58
59
6
60
62
63
64
65
66
67
68
6860
6873
6884
6889
6901
6904
6910
6913
6917
6918
6961
6965
6974
699
6992
7
70
700
7019
7054
7055
7069
708
7081
7087
7124
7126
7141
7206
7221
7229
7243
7255
7260
7262
7264
727
7270
7274
7275
7276
7277
7278
728
7281
7282
7283
7284
7287
7292
73
7319
739
74
7417
7425
7457
7461
7465
7485
7489
7492
75
7508
7514
7521
7530
7532
7545
7570
7591
7610
7611
766
7679
768
7696
7706
7722
7736
7745
78
783
785
7857
792
7921
7922
7923
7967
7969
7972
799
8
80
8026
8083
81
8109
8111
8117
8124
815
8197
82
824
83
87
870
89
892
90
904
915
92
94
96
97
98
989
1
1006
111
1115
11840
12
13
14
15
15070
1566
1568
1588
1590
16
1607
1646
1651
1652
1654
1657
17
1723
1725
1736
175
176
1763
177
178
1787
1788
1789
179
1790
1791
18
180
181
182
184
185
1854
186
1869
187
188
19
190
191
192
194
196
1964
197
199
19926
2
20
200
201
21
2160
21825
22
22185
22188
22295
22412
22442
22453
22768
22859
22884
22888
22897
22940
23
23305
23471
23473
23482
236
24
24643
24645
2473
25023
26382
27
272
27299
273
27803
27954
28
29
29136
29139
29632
29963
3
30
30777
30779
30780
31357
32250
32264
325
32507
32668
32989
33
33151
3323
33323
33483
33968
34
34142
34147
34148
34149
34150
34151
34475
34642
34644
34807
34808
34810
34811
34812
34813
34815
34816
34817
34818
35
36
3878
4
406
43
44
45
46
4653
47
48
487
49
5
50
510
517
53
54
55
56
57
58
59
6
60
62
63
64
65
66
67
68
6860
6873
6884
6889
6901
6904
6910
6913
6917
6918
6961
6965
6974
699
6992
7
70
700
7019
7054
7055
7069
708
7081
7087
7124
7126
7141
7206
7221
7229
7243
7255
7260
7262
7264
727
7270
7274
7275
7276
7277
7278
728
7281
7282
7283
7284
7287
7292
73
7319
739
74
7417
7425
7457
7461
7465
7485
7489
7492
75
7508
7514
7521
7530
7532
7545
7570
7591
7610
7611
766
7679
768
7696
7706
7722
7736
7745
78
783
785
7857
792
7921
7922
7923
7967
7969
7972
799
8
80
8026
8083
81
8109
8111
8117
8124
815
8197
82
824
83
87
870
89
892
90
904
915
92
94
96
97
98
989
1
1006
111
1115
11840
12
13
14
15
15070
1566
1568
1588
1590
16
1607
1646
1651
1652
1654
1657
17
1723
1725
1736
175
176
1763
177
178
1787
1788
1789
179
1790
1791
18
180
181
182
184
185
186
1869
187
188
19
190
191
192
194
196
1964
197
199
19926
2
20
200
201
21
2160
21825
22
22188
22295
22412
22442
22453
22768
22859
22884
22888
22897
22940
23
23305
23471
23473
23482
236
24
24643
24645
2473
25023
27
272
27299
273
27803
27954
28
29
29139
29632
29963
3
30
30779
31357
32250
32264
325
32989
33
33151
3323
33323
33483
33968
34
34142
34147
34150
34151
34475
34642
34644
34976
35
35138
35468
35471
35633
35634
35636
35638
35639
35642
35647
35648
35649
35651
35652
36
3878
4
406
43
44
45
46
4653
47
48
487
49
5
50
510
517
53
54
55
56
57
58
59
6
60
62
63
64
65
66
67
68
6860
6873
6884
6889
6901
6904
6910
6913
6917
6918
6961
6965
6974
699
6992
7
70
700
7019
7054
7055
7069
708
7081
7087
7124
7126
7141
7206
7221
7229
7243
7255
7260
7262
7264
727
7270
7274
7275
7276
7277
7278
728
7281
7282
7283
7284
7287
7292
73
7319
739
74
7417
7425
7457
7461
7465
7485
7489
7492
75
7508
7514
7521
7530
7532
7545
7570
7591
7610
7611
766
7679
768
7696
7706
7722
7736
7745
78
783
785
7857
792
7921
7922
7923
7967
7969
7972
799
8
80
8026
8083
81
8109
8111
8117
8124
815
8197
82
824
83
87
870
89
892
90
904
915
92
94
96
97
98
989
1
1006
111
1115
11840
12
13
14
15
15070
1566
1568
1588
1590
16
1607
1646
1651
1652
1654
1657
17
1723
1725
1736
175
176
1763
177
178
1787
1788
1789
179
1790
1791
18
180
181
182
184
185
186
1869
187
188
19
190
191
192
194
196
1964
197
199
19926
2
20
200
201
21
2160
21825
22
22188
22295
22412
22442
22453
22768
22859
22884
22888
22897
22940
23
23305
23471
23473
23482
236
24
24643
24645
2473
25023
27
272
27299
273
27803
27954
28
29
29139
29963
3
30
30779
31357
32250
325
32989
33
33151
3323
33323
33483
33968
34
34142
34147
34150
34475
34642
34644
34976
35
35138
35468
35471
35804
35805
35966
36
36130
36452
36453
36455
36456
36458
36459
36462
36463
3878
4
406
43
44
45
46
4653
47
48
487
49
5
50
510
517
53
54
55
56
57
58
59
6
60
62
63
64
65
66
67
68
6860
6873
6884
6889
6901
6904
6910
6913
6917
6918
6961
6965
6974
699
6992
7
70
700
7019
7054
7055
7069
708
7081
7087
7124
7126
7141
7206
7221
7229
7243
7255
7260
7262
7264
727
7270
7274
7275
7276
7277
7278
728
7281
7282
7283
7284
7287
7292
73
7319
739
74
7417
7425
7457
7461
7465
7485
7489
7492
75
7508
7514
7521
7530
7532
7545
7570
7591
7610
7611
766
7679
768
7696
7706
7722
7736
7745
78
783
785
7857
792
7921
7922
7923
7967
7969
7972
799
8
80
8026
8083
81
8109
8111
8117
8124
815
8197
82
824
83
87
870
89
892
90
904
915
92
94
96
97
98
989
1
1006
111
1115
11840
12
13
14
15
15070
1566
1568
1588
1590
16
1607
1646
1651
1652
1654
1657
17
1723
1725
1736
175
176
1763
177
178
1787
1788
1789
179
1790
1791
18
180
181
182
184
185
186
1869
187
188
19
190
191
192
194
196
1964
197
199
19926
2
20
200
201
21
2160
21825
22
22188
22295
22412
22442
22453
22768
22859
22884
22888
22897
22940
23
23305
23471
23473
23482
236
24
24645
2473
25023
27
272
273
27803
27954
28
29
29139
29963
3
30
30779
31357
325
32989
33
33151
3323
33323
33483
33968
34
34142
34147
34150
34475
34642
34644
35
35138
35468
35471
35804
35805
35966
36
36130
36784
37224
37355
37357
37360
37361
37362
37363
37364
37365
37366
37367
37368
37369
3878
4
406
43
44
45
46
4653
47
48
487
49
5
50
510
517
53
54
55
56
57
58
59
6
60
62
63
64
65
66
67
68
6860
6873
6884
6889
6901
6904
6910
6913
6917
6918
6961
6965
6974
699
6992
7
70
700
7019
7054
7055
7069
708
7081
7087
7124
7126
7141
7206
7221
7229
7243
7255
7260
7262
7264
727
7270
7274
7275
7276
7277
7278
728
7281
7282
7283
7284
7287
7292
73
7319
739
74
7417
7425
7457
7461
7465
7485
7489
7492
75
7508
7514
7521
7530
7532
7545
7570
7591
7610
7611
766
7679
768
7696
7706
7722
7736
7745
78
783
785
7857
792
7921
7922
7923
7967
7969
7972
799
8
80
8026
8083
81
8109
8111
8117
8124
815
8197
82
824
83
87
870
89
892
90
904
915
92
94
96
97
98
989
1
1006
111
1115
11840
12
13
14
15
15070
1566
1568
1588
1590
16
1607
1646
1651
1652
1654
1657
17
1723
1725
1736
175
176
1763
177
178
1787
1788
1789
179
1790
1791
18
180
181
182
184
185
186
1869
187
188
19
190
191
192
194
196
1964
197
199
19926
2
20
200
201
21
2160
21825
22
22188
22295
22412
22442
22453
22768
22859
22884
22888
22897
22940
23
23305
23471
23473
23482
236
24
24645
2473
25023
27
272
273
27803
27954
28
29
29139
29963
3
30
30779
31357
325
33
33151
3323
33323
33483
33968
34
34147
34150
34475
34644
35
35138
35468
35471
35804
35805
35966
36
36130
37224
37355
37357
37530
37536
38021
38185
38186
38188
38189
38191
38192
38195
38196
38197
38199
38200
3878
4
406
43
44
45
46
4653
47
48
487
49
5
50
510
517
53
54
55
56
57
58
59
6
60
62
63
64
65
66
67
68
6860
6873
6884
6889
6901
6904
6910
6913
6917
6918
6961
6965
6974
699
6992
7
70
700
7019
7054
7055
7069
708
7081
7087
7124
7126
7141
7206
7221
7229
7243
7255
7260
7262
7264
727
7270
7274
7275
7276
7277
7278
728
7281
7282
7283
7284
7287
7292
73
7319
739
74
7417
7425
7457
7461
7465
7485
7489
7492
75
7508
7514
7521
7530
7532
7545
7570
7591
7610
7611
766
7679
768
7696
7706
7722
7736
7745
78
783
785
7857
792
7921
7922
7923
7967
7969
7972
799
8
80
8026
8083
81
8109
8111
8117
8124
815
8197
82
824
83
87
870
89
892
90
904
915
92
94
96
97
98
989
1
1006
111
1115
11840
12
13
14
15
15070
1566
1568
1588
1590
16
1607
1646
1651
1652
1654
1657
17
1723
1725
1736
175
176
1763
177
178
1787
1788
1789
179
1790
1791
18
180
181
182
184
185
186
1869
187
188
19
190
191
192
194
196
1964
197
199
19926
2
20
200
201
21
2160
21825
22
22188
22295
22412
22442
22453
22768
22859
22884
22888
22897
22940
23
23305
23471
23473
23482
236
24
24645
2473
25023
27
272
273
27803
27954
28
29
29139
3
30
30779
31357
325
33
33151
3323
33323
33483
33968
34
34150
34475
34644
35
35138
35468
35471
35804
35966
36
36130
37224
37355
37357
37530
37536
38021
38355
38359
38360
38520
38521
38703
3878
39014
39015
39016
39017
39018
39019
39022
39023
39024
39025
39026
39027
4
406
43
44
45
46
4653
47
48
487
49
5
50
510
517
53
54
55
56
57
58
59
6
60
62
63
64
65
66
67
68
6860
6873
6884
6889
6901
6904
6910
6913
6917
6918
6961
6965
6974
699
6992
7
70
700
7019
7054
7055
7069
708
7081
7087
7124
7126
7141
7206
7221
7229
7243
7255
7260
7262
7264
727
7270
7274
7275
7276
7277
7278
728
7281
7282
7283
7284
7287
7292
73
7319
739
74
7417
7425
7457
7461
7465
7485
7489
7492
75
7508
7514
7521
7530
7532
7545
7570
7591
7610
7611
766
7679
768
7696
7706
7722
7736
7745
78
783
785
7857
792
7921
7922
7923
7967
7969
7972
799
8
80
8026
8083
81
8109
8111
8117
8124
815
8197
82
824
83
87
870
89
892
90
904
915
92
94
96
97
98
989
1
1006
111
1115
12
13
14
15
15070
1566
1568
1588
1590
16
1607
1646
1651
1652
1654
1657
17
1723
1725
1736
175
176
1763
177
178
1787
1788
1789
179
1790
1791
18
180
181
182
184
185
186
1869
187
188
19
190
191
192
194
196
1964
197
199
19926
2
20
200
201
21
2160
21825
22
22188
22295
22412
22442
22453
22768
22859
22884
22888
22897
22940
23
23305
23471
23473
23482
236
24
24645
2473
25023
27
272
273
27803
27954
28
29
29139
3
30
30779
31357
325
33
33151
3323
33323
33483
33968
34
34150
34475
34644
35
35468
35471
35804
35966
36
37224
37536
38021
38355
38359
38360
38520
38521
38703
3878
39185
39834
39835
39836
39837
39839
39840
39844
39845
4
406
43
44
45
46
4653
47
48
487
49
5
50
510
517
53
54
55
56
57
58
59
6
60
62
63
64
65
66
67
68
6860
6873
6884
6889
6901
6904
6910
6913
6917
6918
6961
6965
6974
699
6992
7
70
700
7019
7054
7055
7069
708
7081
7087
7124
7126
7141
7206
7221
7229
7243
7255
7260
7262
7264
727
7270
7274
7275
7276
7277
7278
728
7281
7282
7283
7284
7287
7292
73
7319
739
74
7417
7425
7457
7461
7465
7485
7489
7492
75
7508
7514
7521
7530
7532
7545
7570
7591
7610
7611
766
7679
768
7696
7706
7722
7736
7745
78
783
785
7857
792
7921
7922
7923
7967
7969
7972
799
8
80
8026
8083
81
8109
8111
8117
8124
815
8197
82
824
83
87
870
89
892
90
904
915
92
94
96
97
98
989
1
10
1005
1064
11
110
111
12
13
14
15
1526
1528
1548
1549
1562
16
1615
1619
162
1621
1627
1637
165
166
1694
1695
17
1739
1782
179
1799
18
180
181
182
183
1836
184
1847
1848
1849
185
1854
186
187
188
189
19
190
191
192
193
194
195
196
197
198
199
2
20
200
201
202
203
2037
204
205
206
207
208
2085
209
21
2103
2127
2128
22
2257
23
234
2381
24
2438
2439
2455
2468
2469
2472
2481
2482
2485
2494
2495
2496
25
2530
2539
2546
2555
2567
26
2653
2655
2670
2680
2688
27
270
271
2720
2721
2733
28
2803
2819
2828
2838
2842
2844
2849
2852
2853
2855
2857
2861
2863
2864
2866
2872
2880
2892
2896
2897
29
2934
2971
3
30
3025
3046
3047
3048
3050
3066
3083
3088
31
3100
3107
3117
3125
3132
3155
3166
3192
3193
32
3227
3228
323
3237
3261
3289
33
3305
3368
3369
3378
3380
3382
34
3401
3403
3410
3411
346
3468
347
3470
348
35
3528
3554
36
3657
37
373
3744
3745
3747
3748
3750
3751
3753
3754
38
382
39
399
4
40
402
41
411
42
422
423
43
44
45
46
47
48
49
5
50
505
51
52
53
54
540
542
55
56
57
58
59
6
60
61
62
63
64
65
66
67
68
683
69
698
699
7
70
702
703
704
71
713
718
719
72
721
723
725
727
73
734
737
74
740
75
76
77
772
774
778
78
781
789
79
792
8
80
81
82
83
839
84
85
86
866
87
88
887
89
899
9
90
91
92
93
947
95
96
97
98
99
1
10
1005
1064
11
110
12
13
14
15
1526
1528
1548
1549
1562
16
1615
1619
162
1621
1627
1637
165
166
1694
1695
17
1739
1782
179
1799
18
180
181
182
183
1836
184
1847
1848
1849
185
1854
186
187
188
189
19
190
191
192
193
194
195
196
197
198
199
2
20
200
202
203
204
205
2085
21
2127
2128
22
23
234
24
2438
2439
2455
2468
2472
2481
2482
2485
2494
2495
2496
2530
2539
2546
2555
2567
2653
2655
2670
2680
2688
27
270
271
2720
2721
2733
28
2803
2819
2828
2838
2842
2844
2849
2852
2853
2855
2857
2861
2863
2864
2866
2872
2880
2892
2896
2897
29
2934
2971
3
30
3025
3046
3047
3048
3050
3066
3083
3088
31
3100
3107
3117
3125
3132
3155
3166
3192
3193
32
3227
3228
323
3237
3261
3289
33
3305
3368
3369
3378
3380
3382
34
3410
3411
3468
347
3470
348
35
3528
36
3657
38
39
399
4
40
402
411
422
43
44
45
46
47
48
49
4972
5
50
505
51
53
54
540
542
5471
5474
5480
5487
55
56
57
58
59
6
60
61
62
64
65
66
67
6765
6784
68
683
69
698
699
7
70
702
703
704
7064
7080
71
7101
7104
7105
7106
7107
7108
7109
7110
7111
7112
7113
713
719
72
721
725
727
734
737
740
75
76
77
772
774
778
78
781
789
79
792
8
80
81
82
83
839
84
866
88
887
899
90
91
92
93
947
95
96
97
98
99
1
10
1005
1064
11
110
12
13
14
15
1526
1528
1548
1549
1562
16
1615
1619
162
1621
1627
1637
165
166
1694
1695
17
1739
1782
179
1799
18
180
181
182
183
1836
184
1847
1848
1849
185
1854
186
187
188
189
19
190
191
192
193
194
195
196
197
198
199
2
20
200
202
204
205
2085
21
2128
22
23
234
24
2439
2455
2468
2472
2481
2482
2485
2494
2495
2496
2530
2539
2546
2555
2567
2653
2655
2670
2680
2688
27
270
271
2720
2721
2733
28
2803
2819
2828
2838
2842
2844
2849
2852
2853
2855
2857
2861
2863
2864
2866
2872
2880
2892
2896
2897
29
2934
2971
3
30
3025
3046
3047
3048
3050
3066
3083
3088
31
3100
3107
3117
3125
3132
3155
3166
3192
3193
32
3227
3228
323
3237
3261
3289
33
3305
3368
3369
3378
3380
3382
34
3410
3411
3468
347
3470
35
3528
36
3657
38
39
399
4
40
402
411
422
43
44
45
46
47
48
49
4972
5
50
505
51
53
54
540
542
5471
5474
5480
5487
55
56
57
58
59
6
60
61
64
65
66
67
6784
68
683
69
698
699
7
70
702
703
704
7064
7080
71
7101
713
72
721
725
727
734
737
740
7441
75
76
7666
77
772
7731
774
778
7795
78
781
7830
7840
7849
789
7891
79
792
8
80
81
82
83
839
84
8426
8618
866
88
887
8872
8878
8947
8953
8975
8976
899
90
9007
91
9172
9173
9179
9180
9182
9183
9185
9186
9189
9190
9191
92
93
947
95
96
97
98
99
1
10
1001
102
1026
1054
106
1078
11
111
12
1212
1214
1280
13
138
14
15
1585
1587
1595
1599
16
1610
164
1655
166
17
170
1725
1737
174
1742
1743
1748
1749
175
177
178
1789
179
18
180
181
1817
184
185
187
189
19
191
192
193
194
195
196
197
1972
198
199
2
20
200
2009
201
2014
202
203
204
205
206
207
208
209
21
210
211
212
22
220
2237
23
2352
2353
2371
2375
238
24
241
25
2539
2540
2541
2542
2543
2552
2555
2571
2572
2574
2575
2577
2581
26
2633
2635
2649
2651
2665
27
2739
2740
2757
2768
277
2777
278
28
2816
2817
2828
2879
2891
29
2905
2909
2917
2922
2923
2928
2929
2938
2941
2943
2944
2946
2947
2948
2949
2950
2953
2957
296
2990
3
30
3038
3039
3053
31
3126
3145
3153
3159
3163
3168
3176
3183
3193
3196
32
3226
3232
3255
3268
3269
33
331
3321
3332
3363
3381
34
3406
3408
3417
3450
3452
3465
3467
3468
35
3504
3506
3536
3594
36
3620
3622
3628
3635
3696
3697
3699
37
3700
3701
3703
3704
3705
3706
3707
38
383
385
386
39
4
40
41
414
42
426
43
44
45
46
47
48
49
5
50
51
52
520
53
54
55
56
57
574
577
58
59
6
60
61
62
63
64
65
650
659
66
660
666
667
67
68
69
7
70
71
72
73
74
75
76
77
78
79
8
80
81
812
816
818
82
825
83
84
85
86
863
864
87
88
885
889
89
893
9
90
912
92
93
937
94
946
95
96
98
99
1
1001
1026
1054
1078
11
111
12
1212
1214
1280
13
138
14
15
1585
1587
1595
1599
16
1610
164
1655
17
170
1725
1737
174
1742
1743
1748
1749
175
178
1789
179
18
180
181
1817
184
185
187
189
19
191
192
193
194
195
196
197
1972
198
199
2
20
200
201
2014
202
205
206
207
208
209
21
210
22
220
2237
23
2353
2371
2375
24
241
2539
2540
2541
2542
2543
2552
2555
2571
2572
2574
2575
2577
2581
26
2633
2635
2649
2651
2665
27
2739
2740
2757
2768
277
2777
278
28
2816
2817
2828
2879
2891
29
2905
2909
2917
2922
2923
2928
2929
2938
2941
2943
2944
2946
2947
2948
2949
2950
2953
2957
2990
3
30
3038
3039
3053
3126
3145
3153
3159
3163
3168
3176
3183
3193
3196
32
3226
3232
3255
3268
3269
33
331
3321
3332
3363
3381
34
3406
3408
3417
3450
3452
3465
3467
3468
35
3504
3506
3536
3594
36
3620
3622
3628
3635
37
38
383
386
3866
39
3905
4
41
414
426
43
44
45
46
47
4713
4731
4756
4763
4764
4765
4767
4768
4769
4770
4771
4773
48
49
5
50
52
520
53
54
55
56
57
574
577
58
59
6
60
61
62
63
64
65
650
659
66
660
666
667
67
68
69
7
70
71
72
73
74
75
76
77
78
79
8
80
81
816
818
82
825
83
86
863
864
87
88
885
889
89
893
9
90
912
92
93
937
94
946
95
96
98
99
1
1001
1026
1054
1078
11
111
12
1212
1214
1280
13
138
14
15
1585
1587
1595
1599
16
1610
1655
17
1725
1737
174
1742
1743
1748
1749
175
178
1789
179
18
180
181
1817
184
185
187
189
19
191
192
193
194
195
196
197
1972
198
199
2
20
200
201
2014
202
208
209
21
210
22
220
2237
23
2353
2371
2375
24
241
2539
2540
2541
2542
2543
2552
2555
2571
2572
2574
2575
2577
2581
26
2633
2635
2649
2651
2665
27
2739
2740
2757
2768
277
2777
278
28
2816
2817
2828
2879
2891
29
2905
2909
2917
2922
2923
2928
2929
2938
2941
2943
2944
2946
2947
2948
2949
2950
2953
2957
2990
3
30
3038
3039
3053
3126
3145
3153
3159
3163
3168
3176
3183
3193
3196
32
3226
3232
3255
3268
3269
33
331
3321
3332
3363
3381
34
3406
3408
3417
3450
3452
3465
3467
3468
35
3504
3506
3536
3594
36
3620
3622
3628
3635
37
38
383
386
3866
39
3905
4
41
414
43
44
45
46
47
4731
4756
48
4808
49
4936
5
50
52
520
54
55
5595
5596
5597
5599
56
5600
5602
5605
5606
5607
5609
5610
57
574
577
58
59
6
60
61
62
63
64
65
650
659
66
660
666
667
67
68
69
7
70
71
72
73
74
75
76
77
78
79
8
80
81
816
818
82
825
83
86
863
864
87
88
885
889
89
893
90
912
92
93
937
94
946
95
96
98
99
1
1001
1026
1054
1078
11
111
12
1212
1214
1280
13
138
14
15
1585
1587
1595
1599
16
1610
1655
17
1725
174
1742
1743
1748
175
178
1789
179
18
180
181
1817
184
185
187
189
19
191
192
193
194
195
196
197
1972
198
199
2
20
200
201
2014
202
208
209
21
210
22
2237
23
2353
2375
24
241
2552
2555
2571
2572
2574
2575
2577
2581
26
2633
2635
2649
2651
2665
27
2739
2740
2757
2768
277
2777
278
28
2816
2817
2828
2879
2891
29
2905
2909
2917
2922
2923
2928
2929
2938
2941
2943
2944
2946
2947
2948
2949
2950
2953
2957
2990
3
30
3038
3039
3053
3126
3145
3153
3159
3163
3168
3176
3183
3193
3196
32
3226
3232
3255
3268
3269
33
331
3321
3332
3363
3381
34
3406
3408
3417
3450
3452
3465
3467
3468
35
3504
3506
3536
3594
36
3620
3622
3628
3635
37
38
383
386
3866
39
3905
4
41
414
43
44
45
46
47
4731
4756
48
4808
49
4936
5
50
52
520
54
55
56
57
574
577
58
59
6
60
61
62
63
64
65
650
6575
659
66
660
666
667
6676
67
6711
6760
6761
6764
6781
68
6820
6821
6822
6823
6824
69
7
70
71
7163
7164
72
74
7409
7414
7415
7416
7417
7418
7419
7420
7421
7422
75
76
77
78
79
8
80
81
816
818
82
825
86
863
864
87
88
885
889
89
893
90
912
92
93
937
94
946
95
96
98
99
1
1001
1026
1054
1078
11
111
12
1212
1214
1280
13
138
14
15
1585
1587
1595
1599
16
1610
1655
17
1725
174
1742
1743
1748
175
178
1789
179
18
180
181
1817
184
185
187
189
19
191
192
193
194
195
196
197
1972
198
199
2
20
200
201
2014
202
209
21
210
22
2237
23
2353
2375
24
241
2552
2555
2571
2572
2574
2575
2577
2581
26
2633
2635
2649
2651
2665
27
2739
2740
2757
2768
277
2777
278
28
2816
2817
2828
2879
2891
29
2905
2909
2917
2922
2923
2928
2929
2938
2941
2943
2944
2946
2947
2948
2949
2950
2953
2957
2990
3
30
3038
3039
3053
3126
3145
3153
3159
3163
3168
3176
3183
3193
3196
32
3226
3232
3255
3268
3269
33
331
3321
3332
3363
3381
34
3406
3408
3417
3450
3452
3465
3467
3468
35
3504
3506
3536
3594
36
3620
3622
3628
3635
37
38
383
386
3866
39
3905
4
41
414
43
44
45
46
47
4731
48
49
4936
5
50
52
520
54
55
56
57
574
577
58
59
6
60
61
62
63
64
65
650
6575
659
66
660
666
667
6676
67
6711
6761
6764
68
6820
6821
6822
6823
6824
69
7
70
7163
7164
72
74
7409
75
76
77
78
79
8
80
8076
8083
8084
8085
8086
81
816
818
82
825
8257
8258
8259
8261
8262
8263
8265
8266
8267
8269
8270
8271
8272
86
863
864
87
88
885
889
89
893
90
912
92
93
937
94
946
95
96
98
99
1
1001
1026
1054
1078
11
111
12
1212
1214
1280
13
138
14
15
1585
1587
1595
1599
16
1610
1655
17
1725
174
1742
1743
1748
175
178
1789
179
18
180
181
1817
184
185
187
189
19
191
192
193
194
195
196
197
1972
198
199
2
20
200
201
2014
202
209
21
210
22
2237
23
2353
2375
24
241
2552
2555
2571
2572
2574
2575
2577
2581
26
2633
2635
2649
2651
2665
27
2739
2740
2757
2768
277
2777
278
28
2816
2817
2828
2879
2891
29
2905
2909
2917
2922
2923
2928
2929
2938
2941
2943
2944
2946
2947
2948
2949
2950
2953
2957
2990
3
30
3038
3039
3053
3126
3145
3153
3159
3163
3168
3176
3183
3193
3196
32
3226
3232
3255
3268
3269
33
331
3321
3332
3363
3381
34
3406
3408
3417
3450
3452
3465
3467
3468
35
3504
3506
3536
3594
36
3620
3622
3628
3635
37
38
383
386
3866
39
3905
4
41
414
43
44
45
46
47
48
49
4936
5
50
52
520
54
55
56
57
574
577
58
59
6
60
61
62
63
64
65
650
6575
659
66
660
666
667
6676
67
6711
6761
6764
68
6820
6821
6822
6823
6824
69
7
7163
72
74
7409
75
76
77
79
8
80
8076
8083
8084
8085
8086
81
816
818
82
825
8598
86
863
864
87
88
885
889
89
893
90
9081
9082
9083
9084
9085
9086
9087
9090
9091
9092
912
92
93
937
94
946
95
96
98
99
1
1001
1026
1054
1078
11
111
12
1212
1214
1280
13
138
14
15
1585
1587
1595
1599
16
1610
1655
17
1725
174
1742
1743
1748
175
178
1789
179
18
180
181
1817
184
185
187
189
19
191
192
193
194
195
196
197
1972
198
199
2
20
200
201
2014
202
209
21
210
22
2237
23
2353
2375
24
241
2552
2555
2571
2572
2574
2575
2577
2581
26
2633
2635
2649
2651
2665
27
2739
2740
2757
2768
277
2777
278
28
2816
2817
2828
2879
2891
29
2905
2909
2917
2922
2923
2928
2929
2938
2941
2943
2944
2946
2947
2948
2949
2950
2953
2957
2990
3
30
3038
3039
3053
3126
3145
3153
3159
3163
3168
3176
3183
3193
3196
32
3226
3232
3255
3268
3269
33
331
3321
3332
3363
3381
34
3406
3408
3417
3450
3452
3465
3467
3468
35
3504
3506
3536
3594
36
3620
3622
3628
3635
37
38
383
386
3866
39
3905
4
41
414
43
44
45
46
47
48
49
4936
5
50
52
520
54
55
56
57
574
577
58
59
6
60
61
62
63
64
65
650
6575
659
66
660
666
6676
67
6711
6761
6764
68
6820
6821
6822
6823
6824
69
7
7163
72
74
7409
75
76
77
79
8
80
8076
8083
8084
8085
8086
81
816
818
82
825
8598
86
863
864
87
88
885
889
89
893
90
9081
912
92
9251
9252
93
937
94
946
95
9571
9572
96
98
9892
9893
9896
9897
9898
99
9900
9901
9903
9905
9907
9908
1
1001
1026
1054
10700
10701
10702
10703
10704
10705
10706
10707
10708
10709
1078
11
111
12
1212
1214
1280
13
138
14
15
1585
1587
1595
1599
16
1610
1655
17
1725
174
1742
1743
1748
175
178
1789
179
18
180
181
1817
184
185
187
189
19
191
192
193
194
195
196
197
1972
198
199
2
20
200
201
2014
202
209
21
210
22
2237
23
2353
2375
24
241
2552
2555
2571
2572
2574
2575
2577
2581
26
2633
2635
2649
2651
2665
27
2739
2740
2757
2768
277
2777
278
28
2816
2817
2828
2879
2891
29
2905
2909
2917
2922
2923
2928
2929
2938
2941
2943
2944
2946
2947
2948
2949
2950
2953
2957
2990
3
30
3038
3039
3053
3126
3145
3153
3159
3163
3168
3176
3183
3193
3196
32
3226
3232
3255
3268
3269
33
331
3321
3332
3363
3381
34
3406
3408
3417
3450
3452
3465
3467
3468
35
3504
3506
3536
3594
36
3620
3622
3628
3635
37
38
383
386
3866
39
3905
4
41
414
43
44
45
46
47
48
49
4936
5
50
52
520
54
55
56
57
574
577
58
59
6
60
61
62
63
64
65
650
6575
659
66
660
67
6711
6761
6764
68
6820
6821
6822
6823
6824
69
7
72
74
7409
75
76
77
79
8
80
8083
8084
8085
8086
81
816
818
82
825
8598
86
863
864
87
88
885
889
89
893
90
912
92
9251
9252
93
937
94
946
95
9571
9572
96
9892
9893
99
1
1001
1026
1054
1078
10869
10870
11
111
11512
11513
11515
11516
11518
11521
11522
11526
11527
12
1212
1214
1280
13
138
14
15
1585
1587
1595
1599
16
1610
1655
17
1725
174
1742
1743
1748
175
178
1789
179
18
180
181
1817
184
185
187
189
19
191
192
193
194
195
196
197
1972
198
199
2
20
200
201
2014
202
209
21
210
22
2237
23
2353
2375
24
241
2552
2555
2571
2572
2574
2575
2577
2581
26
2633
2635
2649
2651
2665
27
2739
2740
2757
2768
277
2777
278
28
2816
2817
2828
2879
2891
29
2905
2909
2917
2922
2923
2928
2929
2938
2941
2943
2944
2946
2947
2948
2949
2950
2953
2957
2990
3
30
3038
3039
3053
3126
3145
3153
3159
3163
3168
3176
3183
3193
3196
32
3226
3232
3255
3268
3269
33
331
3321
3332
3363
3381
34
3406
3408
3417
3450
3452
3465
3467
3468
35
3504
3506
3536
3594
36
3620
3622
3628
3635
37
38
383
386
3866
39
3905
4
41
414
43
44
45
46
47
48
49
4936
5
50
52
520
54
55
56
57
574
577
58
59
6
60
61
62
63
64
65
650
6575
659
66
660
67
6711
6761
6764
68
6820
6821
6822
6823
6824
69
7
72
74
7409
75
76
77
79
8
80
8083
8084
8085
8086
81
816
818
82
825
8598
86
863
864
87
88
885
889
89
893
90
912
92
9251
9252
93
937
94
946
95
9571
9572
96
9892
9893
99
1
1001
1026
1054
1078
10869
10870
11
111
11687
11691
11692
12
1212
1214
12198
12447
12451
12452
12453
12454
12455
12456
12457
12458
12459
12460
1280
13
138
14
15
1585
1587
1595
1599
16
1610
1655
17
1725
174
1742
1743
1748
175
178
1789
179
18
180
181
1817
184
185
187
189
19
191
192
193
194
195
196
197
1972
198
199
2
20
200
201
2014
202
209
21
210
22
2237
23
2353
2375
24
241
2552
2555
2571
2572
2574
2575
2577
2581
26
2633
2635
2649
2651
2665
27
2739
2740
2757
2768
277
2777
278
28
2816
2817
2828
2879
2891
29
2905
2909
2917
2922
2923
2928
2929
2938
2941
2943
2944
2946
2947
2948
2949
2950
2953
2957
2990
3
30
3038
3039
3053
3126
3145
3153
3159
3163
3168
3176
3183
3193
3196
32
3226
3232
3255
3268
3269
33
331
3321
3332
3363
3381
34
3406
3408
3417
3450
3452
3465
3467
3468
35
3504
3506
3536
3594
36
3620
3622
3628
3635
37
38
383
386
3866
39
3905
4
414
43
44
45
46
47
48
49
4936
5
50
52
520
54
55
56
57
574
577
58
59
6
60
61
62
63
64
65
650
6575
659
66
660
67
6711
6761
6764
68
6820
6821
6822
6823
6824
69
7
72
74
7409
75
76
77
79
8
80
8083
8084
8085
8086
81
816
818
82
825
8598
86
863
864
87
88
885
889
89
893
90
912
92
9251
9252
93
937
94
946
95
9571
96
9892
9893
99
1
1001
1026
1054
1078
10870
11
111
11687
11691
11692
12
1212
1214
12198
12447
12789
1280
12800
13
13136
13137
13143
13148
13316
13319
13320
13322
13323
13324
13328
13329
13330
13331
13333
13334
138
14
15
1585
1587
1595
1599
16
1610
1655
17
1725
174
1742
1743
1748
175
178
1789
179
18
180
181
1817
184
185
187
189
19
191
192
193
194
195
196
197
1972
198
199
2
20
200
201
2014
202
209
21
210
22
2237
23
2353
2375
24
241
2552
2555
2571
2572
2574
2575
2577
2581
26
2633
2635
2649
2651
2665
27
2739
2740
2757
2768
277
2777
278
28
2816
2817
2828
2879
2891
29
2905
2909
2917
2922
2923
2928
2929
2938
2941
2943
2944
2946
2947
2948
2949
2950
2953
2957
2990
3
30
3038
3039
3053
3126
3145
3153
3159
3163
3168
3176
3183
3193
3196
32
3226
3232
3255
3268
3269
33
331
3321
3332
3363
3381
34
3406
3408
3417
3450
3452
3465
3467
3468
35
3504
3506
3536
3594
36
3620
3622
3628
3635
37
38
386
3866
39
3905
4
414
43
44
45
46
47
48
49
4936
5
50
52
520
54
55
56
57
574
577
58
59
6
60
61
62
63
64
65
650
6575
659
66
660
67
6711
6764
68
6820
6821
6822
6823
6824
69
7
72
74
75
76
77
79
8
80
8083
8084
8085
8086
81
816
818
82
825
86
863
864
87
88
885
889
89
893
90
912
92
9251
9252
93
937
94
946
95
9571
96
9892
99
1
1001
1026
1054
1078
10870
11
111
11687
11692
1212
1214
12198
12447
12789
1280
12800
13
13136
13137
13143
13316
13487
13649
138
13812
14
14131
14132
14133
14134
14135
14136
14137
14138
14139
14140
15
1585
1587
1595
1599
16
1610
1655
17
1725
174
1742
1743
1748
175
178
1789
179
18
180
181
1817
184
185
187
189
19
191
192
193
194
195
196
197
1972
198
199
2
20
200
201
2014
202
209
21
210
22
2237
23
2353
2375
24
241
2552
2555
2571
2572
2574
2575
2577
2581
26
2633
2635
2649
2651
2665
27
2739
2740
2757
2768
277
2777
278
28
2816
2817
2828
2879
2891
29
2905
2909
2917
2922
2923
2928
2929
2938
2941
2943
2944
2946
2947
2948
2949
2950
2953
2957
2990
3
30
3038
3039
3053
3126
3145
3153
3159
3163
3168
3176
3183
3193
3196
32
3226
3232
3255
3268
3269
33
331
3321
3332
3363
3381
34
3406
3408
3417
3450
3452
3465
3467
3468
35
3504
3506
3536
3594
36
3620
3622
3628
3635
37
38
386
3866
3905
4
414
43
44
45
46
47
48
49
4936
5
50
52
520
54
55
56
57
574
577
58
59
6
60
61
62
63
64
65
650
659
66
660
67
6711
6764
68
6820
6821
6822
6823
6824
69
7
72
74
75
76
77
79
8
80
8083
8084
8085
8086
81
816
818
82
825
86
863
864
87
88
885
889
89
893
90
912
92
9252
93
937
94
946
95
9571
96
9892
99
1
10
105
1058
1074
1084
1093
11
110
111
1119
1167
1169
12
1278
13
14
140
15
1524
1536
1539
16
1620
1621
1627
1628
1638
164
166
1665
167
1678
1680
1681
1682
1683
1688
17
1713
1733
1745
1753
1756
18
180
1804
181
182
183
184
1849
185
186
187
188
189
19
190
191
192
193
194
195
196
197
1979
198
199
2
20
200
201
2019
202
2023
203
204
205
206
207
208
209
21
210
211
212
22
2286
23
2361
237
2373
2378
2392
2394
2396
2397
2398
24
2405
2447
2460
2461
2473
2488
25
2551
2554
2574
2582
2587
26
2621
2622
2636
27
2702
2717
2725
273
2735
274
2741
2747
2748
2752
2759
2760
2761
2767
2771
2772
2777
2778
2779
2781
2783
2785
28
2804
2874
29
2916
2923
2924
2929
2962
2983
2988
2999
3
30
3000
3013
3020
3030
3050
3054
3060
3089
3090
31
3153
3155
3163
32
3201
3228
3230
3231
3241
3246
3249
326
3273
3276
33
3312
3366
34
3425
35
36
3634
366
37
3719
378
3788
3794
38
3800
3808
3820
388
389
39
4
40
409
41
412
42
4201
4202
4203
4205
4206
4207
4208
4210
4211
4212
4216
4217
4218
43
44
45
46
47
48
49
494
5
50
51
52
522
525
53
54
55
56
57
58
59
6
60
61
62
63
64
646
65
658
659
66
660
661
662
663
664
67
671
672
68
69
7
70
71
72
73
74
75
76
77
78
79
8
80
81
82
83
84
85
86
862
868
87
870
88
883
89
9
90
91
914
915
919
927
93
931
937
94
95
957
958
96
97
99
1
10
1072
109
11
110
1124
1191
12
13
14
1498
15
1500
1520
1524
1533
1558
1586
1599
16
1600
1601
1605
1607
162
164
1643
1650
1651
1653
1655
1658
1678
17
171
1735
175
177
18
180
181
182
183
184
185
186
187
1870
188
189
19
190
1907
1908
191
192
193
194
195
196
197
198
199
2
20
200
201
202
203
204
205
206
207
208
209
21
2182
22
2244
2270
2273
2288
2289
2292
2294
2296
23
2307
234
2345
2352
2369
2383
24
2412
2443
2444
2460
2466
2471
25
2510
2511
2525
26
2601
2611
2626
2628
2637
2638
2639
2640
2641
2644
2645
2647
2648
2649
2651
2652
2653
2654
2655
2680
27
270
271
2759
2791
2792
2797
28
2811
2852
2872
2882
2888
289
2896
29
2905
2908
2916
2925
2951
2956
2961
2991
2992
3
30
3025
3047
3048
3060
3068
31
3121
3146
3164
3166
3168
3192
3193
32
3202
324
3246
33
3305
3369
34
3474
35
36
37
371
376
38
382
39
4
40
4020
407
41
4105
4106
4107
4108
4109
4110
4111
4112
4113
4114
4115
4116
4117
42
43
44
45
46
47
48
49
5
50
51
514
515
52
523
524
53
54
540
55
56
563
57
58
59
6
60
61
62
63
64
643
65
659
66
660
667
669
67
671
674
675
68
69
7
70
71
72
73
74
75
76
77
78
79
8
80
809
81
811
815
82
83
836
837
84
846
848
85
850
852
859
86
868
87
88
89
9
90
91
93
94
95
951
96
963
965
97
981
99
1
10
1014
103
108
109
11
110
1114
1135
1146
1185
12
13
1341
1375
1376
1387
1389
14
1469
1475
1476
1481
15
1500
1516
1535
158
1585
1588
1591
1592
1596
16
1626
164
1654
17
177
178
179
18
180
1806
181
182
1825
183
184
1844
1849
185
186
187
188
189
19
190
191
192
193
194
195
196
197
198
199
2
20
200
201
202
203
204
205
206
207
208
2087
209
21
210
2112
2116
2194
2198
2199
22
2200
2201
2202
2210
2215
2234
2235
2238
2239
2240
2255
2281
2294
2298
23
2308
2331
238
2385
2386
24
2406
2416
2421
2456
2457
2471
25
2537
2548
2565
2567
2584
2585
2586
2588
2594
2597
26
2601
2602
2605
2607
2609
2610
2611
2613
2620
2622
2644
27
2732
2742
2747
2777
278
279
28
2802
2803
2815
2820
2829
2830
2838
2846
2860
2880
2886
29
2913
2927
2928
2952
2955
2986
3
30
3015
3043
3072
3074
3075
3079
3085
3087
31
3114
3115
3119
3121
3147
3180
32
3238
3294
3299
33
3300
3301
3302
3303
3304
3305
3306
3307
3308
331
34
35
354
36
37
38
383
39
4
40
409
41
410
42
423
424
43
44
45
46
47
479
48
49
5
50
51
52
53
534
535
54
55
56
57
58
59
6
60
61
62
63
64
645
65
650
651
66
669
67
670
671
673
674
675
678
679
68
69
7
70
71
72
73
74
75
76
77
78
79
8
80
81
82
83
84
842
848
85
850
855
86
87
871
873
88
880
882
889
89
9
90
900
92
920
926
93
94
95
96
980
987
997
1
10
1014
103
108
109
11
110
1114
1135
1185
12
13
1375
1376
1387
1389
14
1469
1475
1476
1481
15
1500
1516
1535
158
1585
1588
1591
1592
1596
16
1626
1654
17
177
178
179
18
180
1806
181
182
183
184
1844
1849
185
186
187
188
189
19
190
191
192
193
194
195
196
197
198
199
2
20
200
204
209
21
2112
2194
2198
2199
22
2200
2201
2202
2210
2215
2234
2235
2238
2239
2240
2255
2281
2294
2298
23
2308
2331
238
2385
2386
24
2406
2416
2421
2456
2457
2471
25
2537
2548
2565
2567
2584
2585
2586
2588
2594
2597
26
2601
2602
2605
2607
2609
2610
2611
2613
2620
2622
2644
27
2732
2742
2747
2777
278
279
28
2802
2803
2815
2820
2829
2830
2838
2846
2860
2880
2886
29
2913
2927
2928
2952
2955
2986
3
30
3015
3043
3072
3074
3075
3079
3085
3087
3119
3121
3147
3180
32
3238
33
331
34
35
3507
36
3639
37
38
383
39
3904
3919
4
40
409
4234
4237
4243
4250
43
44
45
46
4627
4628
4629
47
479
48
49
4938
4953
4982
4986
4987
4989
4990
4992
4993
4996
4997
4998
5
50
51
52
53
534
535
54
55
56
57
58
59
6
60
62
63
64
645
65
650
651
66
67
670
674
675
678
68
69
7
71
72
73
74
75
76
77
78
79
8
80
81
82
84
842
848
85
850
855
86
87
871
873
88
880
882
889
89
90
900
92
920
926
93
94
95
96
980
987
997
1
10
1014
103
108
109
11
110
1114
1135
1185
12
13
1375
1376
1387
1389
14
1469
1475
1476
1481
15
1500
1516
1535
158
1585
1588
1591
1592
1596
16
1626
1654
17
177
178
179
18
180
1806
181
182
183
184
1849
185
186
187
188
189
19
190
191
192
193
194
195
196
197
198
199
2
20
200
209
21
2112
2194
2198
2199
22
2200
2201
2202
2210
2215
2234
2235
2238
2239
2240
2255
2281
2294
2298
23
2308
2331
238
2385
2386
24
2406
2416
2421
2456
2457
2471
25
2537
2548
2565
2567
2584
2585
2586
2588
2594
2597
26
2601
2602
2605
2607
2609
2610
2611
2613
2620
2622
2644
27
2732
2742
2747
2777
278
279
28
2802
2803
2815
2820
2829
2830
2838
2846
2860
2880
2886
29
2913
2927
2928
2952
2955
2986
3
30
3015
3043
3072
3074
3075
3079
3085
3087
3119
3121
3147
3180
32
3238
33
331
34
35
3507
36
3639
38
383
39
3904
3919
4
409
4234
4237
4243
4250
43
44
45
46
4627
4628
4629
47
479
48
49
4953
4982
5
50
51
5157
52
53
534
535
54
5480
55
56
57
58
5818
5819
5820
5821
5822
5823
5824
5825
5826
5829
59
6
60
62
63
64
645
65
650
651
66
67
670
674
675
678
68
69
7
71
72
73
74
75
76
77
78
79
8
80
81
82
84
848
850
855
86
871
873
88
880
882
889
89
90
900
92
920
926
93
94
95
96
980
987
997
1
1014
103
108
109
11
110
1114
1135
1185
12
13
1375
1376
1387
1389
14
1469
1475
1476
1481
15
1500
1516
1535
158
1585
1588
1591
1592
1596
16
1626
1654
17
177
178
179
18
180
1806
181
183
184
1849
185
186
187
188
189
19
190
191
192
193
194
195
196
197
198
199
2
20
200
209
21
2112
2194
2198
2199
22
2200
2201
2202
2210
2215
2234
2235
2238
2239
2240
2255
2281
2294
2298
23
2308
2331
238
2385
2386
24
2406
2416
2421
2456
2457
2471
25
2537
2548
2565
2567
2584
2585
2586
2588
2594
2597
26
2601
2602
2605
2607
2609
2610
2611
2613
2620
2622
2644
27
2732
2742
2747
2777
278
279
28
2802
2803
2815
2820
2829
2830
2838
2846
2860
2880
2886
29
2913
2927
2928
2952
2955
2986
3
30
3015
3043
3072
3074
3075
3079
3085
3087
3119
3121
3147
3180
32
3238
33
331
34
35
3507
36
3639
38
383
3904
3919
4
409
4234
4237
4243
4250
43
44
45
46
4627
4628
4629
47
479
48
49
4953
4982
5
50
51
5157
52
53
534
535
54
5480
55
56
57
58
59
5986
6
60
63
6308
6309
64
645
65
650
651
66
6632
6636
6637
6639
6640
6641
6643
6646
6647
6648
67
670
674
675
678
68
69
7
71
72
73
74
75
76
77
78
79
8
80
81
82
84
848
850
855
86
871
873
88
880
882
889
89
90
900
92
920
926
93
94
95
96
980
987
997
1
1014
108
109
11
110
1114
1135
1185
12
13
1376
1387
1389
14
1469
1475
1476
1481
15
1500
1516
1535
158
1585
1588
1591
1592
1596
16
1626
1654
17
177
178
179
18
180
1806
181
183
184
1849
185
186
187
188
189
19
190
191
192
193
194
195
196
197
198
199
2
20
200
209
21
2112
2194
2198
2199
22
2200
2201
2202
2210
2215
2234
2235
2238
2239
2240
2255
2281
2294
2298
23
2308
2331
238
2385
2386
24
2406
2416
2421
2456
2457
2471
2537
2548
2565
2567
2584
2585
2586
2588
2594
2597
26
2601
2602
2605
2607
2609
2610
2611
2613
2620
2622
2644
27
2732
2742
2747
2777
278
279
28
2802
2803
2815
2820
2829
2830
2838
2846
2860
2880
2886
29
2913
2927
2928
2952
2955
2986
3
30
3015
3043
3072
3074
3075
3079
3085
3087
3119
3121
3147
3180
32
3238
33
331
34
35
3507
36
3639
38
383
3904
3919
4
409
4234
4237
4243
4250
43
44
45
46
47
479
48
49
4953
4982
5
50
51
5157
52
53
534
535
54
5480
55
56
57
58
59
5986
6
60
63
6308
6309
64
645
65
650
651
66
6632
67
670
674
678
68
69
6966
6967
7
71
72
73
74
7451
7452
7453
7454
7455
7456
7457
7459
75
76
77
79
8
80
81
82
84
848
850
855
86
871
873
88
880
882
889
89
90
900
92
920
926
93
94
95
96
980
987
997
1
1014
108
109
11
110
1114
1135
1185
12
13
1376
1387
1389
14
1469
1475
1476
1481
15
1500
1516
1535
158
1585
1588
1591
1592
1596
16
1626
1654
17
177
178
179
18
180
1806
181
183
184
1849
185
186
187
188
189
19
190
191
192
193
194
195
196
197
198
199
2
20
200
209
21
2112
2194
2198
2199
22
2200
2201
2202
2210
2215
2234
2235
2238
2239
2240
2255
2281
2294
2298
23
2308
2331
238
2385
2386
24
2406
2416
2421
2456
2457
2471
2537
2548
2565
2567
2584
2585
2586
2588
2594
2597
26
2601
2602
2605
2607
2609
2610
2611
2613
2620
2622
2644
27
2732
2742
2747
2777
278
279
28
2802
2803
2815
2820
2829
2830
2838
2846
2860
2880
2886
29
2913
2927
2928
2952
2955
2986
3
30
3015
3043
3072
3074
3075
3079
3085
3087
3119
3121
3147
3180
32
3238
33
331
34
35
3507
36
3639
38
383
3904
3919
4
409
4234
4237
4243
4250
43
44
45
46
47
479
48
49
4953
4982
5
50
51
5157
52
534
535
54
5480
55
56
57
58
59
5986
6
60
63
6308
64
645
65
650
651
66
6632
67
670
674
678
68
69
6966
6967
7
71
72
73
74
75
76
7617
7620
7653
7689
7690
7699
77
79
8
80
8019
8030
8031
8032
81
82
8355
8357
8358
8359
8360
8362
8363
8365
8366
8367
8368
84
848
850
855
86
871
873
88
880
882
889
89
90
900
92
920
926
93
94
95
96
980
987
997
1
1014
108
109
11
110
1114
1135
1185
12
13
1376
1387
1389
14
1469
1475
1476
1481
15
1500
1516
1535
158
1585
1588
1591
1592
1596
16
1626
1654
17
177
178
179
18
180
1806
181
183
184
1849
185
186
187
188
189
19
190
191
192
193
194
195
196
197
198
199
2
20
200
209
21
2112
2194
2198
2199
22
2200
2201
2202
2210
2215
2234
2235
2238
2239
2240
2255
2281
2294
2298
23
2308
2331
238
2385
2386
24
2406
2416
2421
2456
2457
2471
2537
2548
2565
2567
2584
2585
2586
2588
2594
2597
26
2601
2602
2605
2607
2609
2610
2611
2613
2620
2622
2644
27
2732
2742
2747
2777
278
279
28
2802
2803
2815
2820
2829
2830
2838
2846
2860
2880
2886
29
2913
2927
2928
2952
2955
2986
3
30
3015
3043
3072
3074
3075
3079
3085
3087
3119
3121
3147
3180
32
3238
33
331
34
35
3507
36
3639
383
3904
3919
4
409
4234
4237
4243
4250
43
44
45
46
47
479
48
49
4953
4982
5
50
51
52
534
535
54
5480
55
56
57
58
59
5986
6
60
63
6308
64
645
65
650
651
66
67
670
674
678
68
69
6967
7
71
72
73
74
75
7620
7653
7689
7690
7699
77
79
8
80
8019
8030
8031
8032
81
82
8355
84
848
850
855
86
8690
871
873
88
880
882
889
89
90
900
9009
92
920
9252
9254
9255
9256
9257
9258
9259
926
9260
9261
9263
93
94
95
96
980
987
997
1
1014
10201
10202
10203
10204
10205
10206
10207
10209
10210
10212
10214
10215
108
109
11
110
1114
1135
1185
12
13
1387
1389
14
1469
1475
1476
1481
15
1500
1516
1535
158
1585
1588
1591
1592
1596
16
1626
1654
17
177
178
179
18
180
1806
181
183
184
1849
185
186
187
188
189
19
190
191
192
193
194
195
196
197
198
199
2
20
200
209
21
2112
2194
2198
2199
22
2200
2201
2202
2210
2215
2234
2235
2238
2239
2240
2255
2281
2294
2298
23
2308
2331
238
2385
2386
24
2406
2416
2421
2456
2457
2471
2537
2548
2565
2567
2584
2585
2586
2588
2594
2597
26
2601
2602
2605
2607
2609
2610
2611
2613
2620
2622
2644
27
2732
2742
2747
2777
278
279
28
2802
2803
2815
2820
2829
2830
2838
2846
2860
2880
2886
29
2913
2927
2928
2952
2955
2986
3
30
3015
3043
3072
3074
3075
3079
3085
3087
3119
3121
3147
3180
32
3238
33
331
34
35
3507
36
3639
383
3904
3919
4
409
4234
4237
4243
4250
43
44
45
46
47
479
48
49
4953
5
50
51
52
534
535
54
5480
55
56
57
58
59
5986
6
60
63
6308
64
645
65
650
651
66
67
670
674
68
69
6967
7
71
72
73
74
75
7620
7653
7689
7690
7699
77
79
8
80
8019
8030
8031
8032
81
82
8355
848
850
855
86
8690
871
873
88
880
882
889
89
90
900
9009
92
920
9252
926
93
94
9431
95
9549
96
980
987
997
1
1014
10201
10202
10372
10532
108
109
11
110
11017
11018
11019
11020
11021
11022
11023
11024
11025
11026
1114
1135
1185
12
13
1387
1389
14
1469
1475
1476
1481
15
1500
1516
1535
158
1585
1588
1591
1592
1596
16
1626
1654
17
177
178
179
18
180
1806
181
183
184
1849
185
186
187
188
189
19
190
191
192
193
194
195
196
197
198
199
2
20
200
21
2112
2194
2198
2199
22
2200
2201
2202
2210
2215
2234
2235
2238
2239
2240
2255
2281
2294
2298
23
2308
2331
238
2385
2386
24
2406
2416
2421
2456
2457
2471
2537
2548
2565
2567
2584
2585
2586
2588
2594
2597
26
2601
2602
2605
2607
2609
2610
2611
2613
2620
2622
2644
27
2732
2742
2747
2777
278
279
28
2802
2803
2815
2820
2829
2830
2838
2846
2860
2880
2886
29
2913
2927
2928
2952
2955
2986
3
30
3015
3043
3072
3074
3075
3079
3085
3087
3119
3121
3147
3180
32
3238
33
331
34
35
3507
36
3639
383
3904
3919
4
409
4234
4237
4243
4250
43
44
45
46
47
479
48
49
4953
5
50
52
534
535
54
5480
55
56
57
58
59
5986
6
60
63
6308
64
645
65
650
651
66
67
670
674
68
69
6967
7
71
72
73
74
75
7620
7689
7699
77
79
8
80
8019
8030
8031
8032
81
82
8355
848
850
855
86
8690
871
873
88
880
882
889
89
90
900
9009
92
920
9252
926
93
94
9431
95
9549
96
980
987
997
1
1014
10201
10532
108
109
11
110
1114
11183
1135
11828
11830
11831
11832
11834
11836
11837
11840
11841
1185
12
13
1387
1389
14
1469
1475
1476
1481
15
1500
1516
1535
158
1585
1588
1591
1592
1596
16
1626
1654
17
177
178
179
18
180
1806
181
183
184
1849
185
186
187
188
189
19
190
191
192
193
194
195
196
197
198
199
2
20
200
21
2112
2194
2198
2199
22
2200
2201
2202
2210
2215
2234
2235
2238
2239
2240
2255
2281
2294
2298
23
2308
2331
238
2385
2386
24
2406
2416
2421
2456
2457
2471
2537
2548
2565
2567
2584
2585
2586
2588
2594
2597
26
2601
2602
2605
2607
2609
2610
2611
2613
2620
2622
2644
27
2732
2742
2747
2777
278
279
28
2802
2803
2815
2820
2829
2830
2838
2846
2860
2880
2886
29
2913
2927
2928
2952
2955
2986
3
30
3015
3043
3072
3074
3075
3079
3085
3087
3119
3121
3147
3180
32
3238
33
331
34
35
3507
36
3639
383
3904
3919
4
409
4234
4237
4243
4250
43
44
45
46
47
479
48
49
4953
5
50
52
534
535
54
5480
55
56
57
58
59
5986
6
60
63
6308
64
645
65
650
651
66
67
670
674
68
69
6967
7
71
72
73
74
75
7620
7689
7699
77
79
8
80
8019
8030
8031
8032
81
82
8355
848
850
855
86
871
873
88
880
882
889
89
90
900
9009
92
920
9252
926
93
94
9431
95
9549
96
980
987
997
1
1014
10201
10532
108
109
11
110
1114
11183
1135
11828
1185
11998
12
12158
12318
12640
12641
12642
12643
12645
12646
12647
12648
12649
13
1387
1389
14
1469
1475
1476
1481
15
1500
1516
1535
158
1585
1588
1591
1592
1596
16
1626
1654
17
177
178
179
18
180
1806
181
183
184
1849
185
186
187
188
189
19
190
191
192
193
194
195
196
197
198
199
2
20
200
21
2112
2194
2198
2199
22
2200
2201
2202
2210
2215
2234
2235
2238
2239
2240
2255
2281
2294
2298
23
2308
2331
238
2385
2386
24
2406
2416
2421
2456
2457
2471
2537
2548
2565
2567
2584
2585
2586
2588
2594
2597
26
2601
2602
2605
2607
2609
2610
2611
2613
2620
2622
2644
27
2732
2742
2747
2777
278
279
28
2802
2803
2815
2820
2829
2830
2838
2846
2860
2880
2886
29
2913
2927
2928
2952
2955
2986
3
30
3015
3043
3072
3074
3075
3079
3085
3087
3119
3121
3147
3180
32
3238
33
331
34
35
3507
36
3639
383
3904
3919
4
409
4234
4237
4243
4250
43
44
45
46
47
479
48
49
4953
5
50
52
534
535
54
55
56
57
58
59
5986
6
60
63
6308
64
645
65
650
651
66
67
670
68
69
6967
7
71
72
73
74
75
7620
7689
7699
77
79
8
80
8019
8030
8031
8032
81
82
8355
848
850
855
86
871
873
88
880
882
889
89
90
900
9009
92
920
9252
926
93
94
9431
95
9549
96
980
987
997
1
1014
10201
10532
108
109
11
110
1114
11183
1135
11828
1185
11998
12
12158
12318
12807
12809
12811
12973
13
13133
13454
13455
13456
13457
13459
13460
13462
13463
1387
1389
14
1469
1475
1476
1481
15
1500
1516
1535
158
1585
1588
1591
1592
1596
16
1626
1654
17
177
178
179
18
180
1806
181
183
184
1849
185
186
187
188
189
19
190
191
192
193
194
195
196
197
198
199
2
20
200
21
2112
2194
2198
2199
22
2200
2201
2202
2210
2215
2234
2235
2238
2239
2240
2255
2281
2294
2298
23
2308
2331
238
2385
2386
24
2406
2416
2421
2456
2457
2471
2537
2548
2565
2567
2584
2585
2586
2588
2594
2597
26
2601
2602
2605
2607
2609
2610
2611
2613
2620
2622
2644
27
2732
2742
2747
2777
278
279
28
2802
2803
2815
2820
2829
2830
2838
2846
2860
2880
2886
29
2913
2927
2928
2952
2955
2986
3
30
3015
3043
3072
3074
3075
3079
3085
3087
3119
3121
3147
3180
32
3238
33
331
34
35
3507
36
3639
383
3904
3919
4
409
4234
4237
4243
4250
43
44
45
46
47
479
48
49
4953
5
50
52
534
535
54
55
56
57
58
59
5986
6
60
63
6308
64
645
65
650
651
66
67
68
69
6967
7
71
72
73
74
75
7620
7689
7699
77
79
8
80
8030
8031
8032
81
82
8355
848
850
855
86
871
873
88
880
882
889
89
90
900
9009
92
920
926
93
94
9431
95
9549
96
980
987
997
1
1014
10201
10532
108
109
11
110
1114
11183
1135
11828
1185
11998
12
12158
12318
12807
12809
12811
13
13133
13624
1387
1389
14
14353
14354
14355
14356
14357
14358
14359
14361
14362
1469
1475
1476
1481
15
1500
1516
1535
1585
1588
1591
1592
1596
16
1626
1654
17
177
178
179
18
180
1806
181
183
184
1849
185
186
187
188
189
19
190
191
192
193
194
195
196
197
198
199
2
20
200
21
2112
2194
2198
2199
22
2200
2201
2202
2210
2215
2234
2235
2238
2239
2240
2255
2281
2294
2298
23
2308
2331
238
2385
2386
24
2406
2416
2421
2456
2457
2471
2537
2548
2565
2567
2584
2585
2586
2588
2594
2597
26
2601
2602
2605
2607
2609
2610
2611
2613
2620
2622
2644
27
2732
2742
2747
2777
278
279
28
2802
2803
2815
2820
2829
2830
2838
2846
2860
2880
2886
29
2913
2927
2928
2952
2955
2986
3
30
3015
3043
3072
3074
3075
3079
3085
3087
3119
3121
3147
3180
32
3238
33
331
34
35
3507
36
3639
383
3904
3919
4
409
4234
4237
4243
4250
43
44
45
46
47
479
48
49
4953
5
50
52
534
535
54
55
56
57
58
59
5986
6
60
63
6308
64
645
65
650
651
66
67
68
69
6967
7
71
72
73
74
75
7689
7699
77
79
8
80
8030
8031
8032
81
82
8355
848
850
855
86
871
873
88
880
882
889
89
90
900
9009
92
920
926
93
94
9431
95
9549
96
980
987
997
1
1014
10201
10532
108
109
11
110
1114
1135
11828
1185
11998
12
12158
12318
12807
12811
13
13133
13624
1387
1389
14
14520
14523
14524
14525
14526
1469
1475
1476
1481
15
1500
1516
15163
15164
15165
15167
15168
15169
15171
15172
15173
15174
15175
1535
1585
1588
1591
1592
1596
16
1626
1654
17
177
178
179
18
180
1806
181
183
184
1849
185
186
187
188
189
19
190
191
192
193
194
195
196
197
198
199
2
20
200
21
2112
2194
2198
2199
22
2200
2201
2202
2210
2215
2234
2235
2238
2239
2240
2255
2281
2294
2298
23
2308
2331
238
2385
2386
24
2406
2416
2421
2456
2457
2471
2537
2548
2565
2567
2584
2585
2586
2588
2594
2597
26
2601
2602
2605
2607
2609
2610
2611
2613
2620
2622
2644
27
2732
2742
2747
2777
278
279
28
2802
2803
2815
2820
2829
2830
2838
2846
2860
2880
2886
29
2913
2927
2928
2952
2955
2986
3
30
3015
3043
3072
3074
3075
3079
3085
3087
3119
3121
3147
3180
32
3238
33
331
34
35
3507
36
3639
383
3904
3919
4
409
4234
4237
4243
4250
43
44
45
46
47
479
48
49
4953
5
50
52
534
535
54
55
56
57
58
59
5986
6
60
63
6308
64
645
65
650
651
66
67
68
69
6967
7
71
72
73
74
75
7689
7699
77
79
8
80
8030
8031
8032
81
82
8355
848
850
855
86
871
873
88
880
882
889
89
90
900
9009
92
920
926
93
94
9431
95
9549
96
980
987
997
1
1014
10201
10532
108
109
11
110
1114
1135
11828
1185
11998
12
12318
12807
12811
13
13133
13624
1387
1389
14
14520
14523
14524
14525
14526
1469
1475
1476
1481
15
1500
1516
1535
15651
1585
1588
1591
1592
1596
15971
15972
15973
15974
15975
15977
15980
15985
15986
15988
15990
15991
16
1626
1654
17
177
178
179
18
180
1806
181
183
184
1849
185
186
187
188
189
19
190
191
192
193
194
195
196
197
198
199
2
20
200
21
2112
2194
2198
2199
22
2200
2201
2202
2210
2215
2234
2235
2238
2239
2240
2255
2281
2294
2298
23
2308
2331
238
2385
2386
24
2406
2416
2421
2456
2457
2471
2537
2548
2565
2567
2584
2585
2586
2588
2594
2597
26
2601
2602
2605
2607
2609
2610
2611
2613
2620
2622
2644
27
2732
2742
2747
2777
278
279
28
2802
2803
2815
2820
2829
2830
2838
2846
2860
2880
2886
29
2913
2927
2928
2952
2955
2986
3
30
3015
3043
3072
3074
3075
3079
3085
3087
3119
3121
3147
3180
32
3238
33
331
34
35
3507
36
3639
383
3904
3919
4
409
4234
4237
4243
4250
43
44
45
46
47
479
48
49
4953
5
50
52
534
535
54
55
56
57
58
59
5986
6
60
63
64
645
65
650
651
66
67
68
69
7
71
72
73
74
75
7689
7699
77
79
8
80
8030
8031
8032
81
82
8355
848
850
855
86
871
873
88
880
882
889
89
90
900
9009
92
920
926
93
94
95
96
980
987
997
1
1014
10201
10532
108
109
11
110
1114
1135
1185
11998
12
12318
12807
12811
13
13133
1387
1389
14
14520
14523
14524
14525
14526
1469
1475
1476
1481
15
1500
1516
1535
15651
1585
1588
1591
1592
1596
15971
16
16008
16141
16142
16143
1626
1654
16781
16782
16783
16785
16786
16787
16789
16790
16791
16792
16793
17
177
178
179
18
180
1806
181
183
184
1849
185
186
187
188
189
19
190
191
192
193
194
195
196
197
198
199
2
20
200
21
2112
2194
2198
2199
22
2200
2201
2202
2210
2215
2234
2235
2238
2239
2240
2255
2281
2294
2298
23
2308
2331
238
2385
2386
24
2406
2416
2421
2456
2457
2471
2537
2548
2565
2567
2584
2585
2586
2588
2594
2597
26
2601
2602
2605
2607
2609
2610
2611
2613
2620
2622
2644
27
2732
2742
2747
2777
278
279
28
2802
2803
2815
2820
2829
2830
2838
2846
2860
2880
2886
29
2913
2927
2928
2952
2955
2986
3
30
3015
3043
3072
3074
3075
3079
3085
3087
3119
3121
3147
3180
32
3238
33
331
34
35
3507
36
3639
383
3904
3919
4
409
4234
4237
4243
4250
43
44
45
46
47
479
48
49
4953
5
50
52
534
535
54
55
56
57
58
59
5986
6
60
63
64
645
65
650
651
66
67
68
69
7
71
72
73
74
75
7689
7699
77
79
8
80
8030
8031
8032
81
82
848
850
855
86
871
873
88
880
882
889
89
90
900
9009
92
920
926
93
94
95
96
980
987
997
1
1014
10532
108
109
11
110
1114
1135
1185
11998
12
12318
12807
13
13133
1387
1389
14
14523
14524
14525
14526
1469
1475
1476
1481
15
1500
1516
1535
15651
1585
1588
1591
1592
1596
15971
16
16008
16141
1626
1654
17
17428
17588
17590
17591
17592
17593
17594
17595
17596
17597
17598
17599
177
178
179
18
180
1806
181
183
184
1849
185
186
187
188
189
19
190
191
192
193
194
195
196
197
198
199
2
20
200
21
2112
2194
2198
2199
22
2200
2201
2202
2210
2215
2234
2235
2238
2239
2240
2255
2281
2294
2298
23
2308
2331
238
2385
2386
24
2406
2416
2421
2456
2457
2471
2537
2548
2565
2567
2584
2585
2586
2588
2594
2597
26
2601
2602
2605
2607
2609
2610
2611
2613
2620
2622
2644
27
2732
2742
2747
2777
278
279
28
2802
2803
2815
2820
2829
2830
2838
2846
2860
2880
2886
29
2913
2927
2928
2952
2955
2986
3
30
3015
3043
3072
3074
3075
3079
3085
3087
3119
3121
3147
3180
32
3238
33
331
34
35
3507
36
3639
383
3904
3919
4
409
4234
4237
4243
4250
43
44
45
46
47
479
48
49
4953
5
50
52
534
535
54
55
56
57
58
59
5986
6
60
63
64
645
65
650
651
66
67
68
69
7
71
72
73
74
75
7689
7699
77
79
8
80
8030
8031
8032
81
82
848
850
855
86
871
873
88
880
882
889
89
90
900
9009
92
920
926
93
94
95
96
980
987
997
1
1014
10532
108
109
11
110
1114
1135
1185
11998
12
12318
12807
13
13133
1387
1389
14
14523
14524
14525
14526
1469
1475
1476
1481
15
1500
1516
1535
15651
1585
1588
1591
1592
1596
15971
16
16008
16141
1626
1654
17
17428
17588
177
17758
17759
17760
178
179
18
180
1806
181
183
18399
184
18400
18402
18403
18405
18406
18407
18408
18409
18410
1849
185
186
187
188
189
19
190
191
192
193
194
195
196
197
198
199
2
20
200
21
2112
2194
2198
2199
22
2200
2201
2202
2210
2215
2234
2235
2238
2239
2240
2255
2281
2294
2298
23
2308
2331
238
2385
2386
24
2406
2416
2421
2456
2457
2471
2537
2548
2565
2567
2584
2585
2586
2588
2594
2597
26
2601
2602
2605
2607
2609
2610
2611
2613
2620
2622
2644
27
2732
2742
2747
2777
278
279
28
2802
2803
2815
2820
2829
2830
2838
2846
2860
2880
2886
29
2913
2927
2928
2952
2955
2986
3
30
3015
3043
3072
3074
3075
3079
3085
3087
3119
3121
3147
3180
32
3238
33
331
34
35
3507
36
3639
383
3904
3919
4
409
4234
4237
4243
4250
43
44
45
46
47
479
48
49
4953
5
50
52
534
535
54
55
56
57
58
59
5986
6
60
63
64
645
65
650
651
66
67
68
69
7
71
72
73
74
75
7689
7699
77
79
8
80
8030
8031
8032
81
82
848
850
855
86
871
873
88
880
882
889
89
90
900
9009
92
920
926
93
94
95
96
980
987
997
1
1014
10532
108
109
11
110
1114
1135
1185
11998
12
12807
13
1387
1389
14
14523
14524
14525
14526
1469
1475
1476
1481
15
1500
1516
1535
15651
1585
1588
1591
1592
1596
16
16008
16141
1626
1654
17
17428
17588
177
17758
17759
17760
178
179
18
180
1806
181
183
184
1849
185
186
187
18728
188
18888
189
19
190
191
192
19293
19294
19295
19296
19297
19298
19299
193
19300
19301
19302
194
195
196
197
198
199
2
20
200
21
2112
2194
2198
2199
22
2200
2201
2202
2210
2215
2234
2235
2238
2239
2240
2255
2281
2294
2298
23
2308
2331
238
2385
2386
24
2406
2416
2421
2456
2457
2471
2537
2548
2565
2567
2584
2585
2586
2588
2594
2597
26
2601
2602
2605
2607
2609
2610
2611
2613
2620
2622
2644
27
2732
2742
2747
2777
278
279
28
2802
2803
2815
2820
2829
2830
2838
2846
2860
2880
2886
29
2913
2927
2928
2952
2955
2986
3
30
3015
3043
3072
3074
3075
3079
3085
3087
3119
3121
3147
3180
32
3238
33
331
34
35
3507
36
3639
383
3904
3919
4
409
4234
4237
4243
4250
43
44
45
46
47
479
48
49
4953
5
50
52
534
535
54
55
56
57
58
59
5986
6
60
63
64
645
65
650
651
66
67
68
69
7
71
72
73
74
75
7689
7699
77
79
8
80
8030
8031
8032
81
82
848
850
855
86
871
873
88
880
882
889
89
90
900
9009
92
920
926
93
94
95
96
980
987
997
1
1014
10532
108
109
11
110
1114
1135
1185
11998
12
12807
13
1387
1389
14
14523
14524
14525
14526
1469
1475
1476
1481
15
1500
1516
1535
15651
1585
1588
1591
1592
1596
16
16008
16141
1626
1654
17
17428
177
17758
17759
17760
178
179
18
180
1806
183
184
1849
185
186
187
18728
188
18888
189
19
190
191
192
193
194
19461
195
196
19621
197
19781
19782
198
19853
199
19944
19945
19946
2
20
200
20107
20108
20109
20110
20112
20114
20115
20116
20117
20118
21
2112
2194
2198
2199
22
2200
2201
2202
2210
2215
2234
2235
2238
2239
2240
2255
2281
2294
2298
23
2308
2331
238
2385
2386
24
2406
2416
2421
2456
2457
2471
2537
2548
2565
2567
2584
2585
2586
2588
2594
2597
26
2601
2602
2605
2607
2609
2610
2611
2613
2620
2622
2644
27
2732
2742
2747
2777
278
279
28
2802
2803
2815
2820
2829
2830
2838
2846
2860
2880
2886
29
2913
2927
2928
2952
2955
2986
3
30
3015
3043
3072
3074
3075
3079
3085
3087
3119
3121
3147
3180
32
3238
33
331
34
35
3507
36
3639
3904
3919
4
409
4234
4237
4243
4250
43
44
45
46
47
479
48
49
4953
5
50
52
534
535
54
55
56
57
58
59
5986
6
60
63
64
645
65
650
651
66
67
68
69
7
71
72
73
74
75
7689
7699
77
79
8
80
8030
8031
8032
81
82
848
850
855
86
871
873
88
880
882
889
89
90
900
9009
92
920
926
93
94
95
96
980
987
997
1
1014
108
11
1114
1135
1185
11998
12
12807
13
1387
1389
14
14523
14524
14526
1469
1475
1476
1481
15
1500
1516
1535
15651
1585
1588
1591
1592
1596
16
16008
16141
1626
1654
17
17428
177
17759
17760
178
179
18
180
1806
183
184
1849
185
186
187
188
18888
189
19
190
191
192
193
194
19461
195
196
19621
197
19781
19782
198
19853
199
19944
19945
19946
2
20
200
20434
20598
20923
20924
20925
20926
20927
20928
20931
20932
20933
20934
20935
20936
20937
21
2112
2194
2198
2199
22
2200
2201
2202
2210
2215
2234
2235
2238
2239
2240
2255
2281
2294
2298
23
2308
2331
238
2385
2386
24
2406
2416
2421
2456
2457
2471
2537
2548
2565
2567
2584
2585
2586
2588
2594
2597
26
2601
2602
2605
2607
2609
2610
2611
2613
2620
2622
2644
27
2732
2742
2747
2777
278
279
28
2802
2803
2815
2820
2829
2830
2838
2846
2860
2880
2886
29
2913
2927
2928
2952
2955
2986
3
30
3015
3043
3072
3074
3075
3079
3085
3087
3119
3121
3147
3180
3238
33
331
34
35
3507
36
3639
3904
3919
4
409
4234
4237
4243
4250
43
44
45
46
47
479
48
49
4953
5
50
52
534
535
54
55
56
57
58
59
5986
6
60
63
64
645
65
650
651
66
67
68
69
7
71
72
73
74
75
7689
7699
77
79
8
80
8030
8031
8032
81
82
848
850
855
86
871
873
88
880
882
889
89
90
900
9009
92
920
926
93
94
95
96
980
987
997
1
1014
108
11
1114
1135
1185
11998
12
12807
13
1387
1389
14
14523
14524
14526
1469
1475
1476
1481
15
1500
1516
1535
15651
1585
1588
1591
1592
1596
16
16008
16141
1626
1654
17
17428
177
17759
17760
178
179
18
180
1806
183
184
1849
185
186
187
188
18888
189
19
190
191
192
193
194
195
196
197
19781
19782
198
19853
199
19944
19945
19946
2
20
200
20434
20598
20963
21
21093
21094
2112
21414
21574
21621
21739
21740
21742
21743
21744
21746
21749
21750
21751
21752
2194
2198
2199
22
2200
2201
2202
2210
2215
2234
2235
2238
2239
2240
2255
2281
2294
2298
23
2308
2331
238
2385
2386
24
2406
2416
2421
2456
2457
2471
2537
2548
2565
2567
2584
2585
2586
2588
2594
2597
26
2601
2602
2605
2607
2609
2610
2611
2613
2620
2622
2644
27
2732
2742
2747
2777
278
279
28
2802
2803
2815
2820
2829
2830
2838
2846
2860
2880
2886
29
2913
2927
2928
2952
2955
2986
3
30
3015
3043
3072
3074
3075
3079
3085
3087
3119
3121
3147
3180
3238
33
331
34
35
3507
36
3639
3904
3919
4
409
4234
4237
4243
4250
43
44
45
46
47
479
48
49
4953
5
50
52
534
535
54
55
56
57
58
59
5986
6
60
63
64
645
65
650
651
66
67
68
69
7
71
72
73
74
75
7689
7699
77
79
8
80
81
82
848
850
855
86
871
873
88
880
882
889
89
90
900
9009
92
920
926
93
94
95
96
980
987
997
